,message_id,–î–∞—Ç–∞ –∏ –≤—Ä–µ–º—è,–¢–µ–∫—Å—Ç –∫–æ–º–º–µ–Ω—Ç–∞—Ä–∏—è
0,0,2023.01.26 16:32,"–ó–¥—Ä–∞–≤—Å—Ç–≤—É–π—Ç–µ! –í –°–∞–Ω–∫—Ç-–ü–µ—Ç–µ—Ä–±—É—Ä–≥–µ –Ω–µ—Ç –ì–µ–Ω–µ—Ä–∞–ª—å–Ω–æ–≥–æ –∫–æ–Ω—Å—É–ª—å—Å—Ç–≤–∞ –ê–≤—Å—Ç—Ä–∞–ª–∏–∏.  –ü–æ –∫–æ–Ω—Å—É–ª—å—Å–∫–∏–º –≤–æ–ø—Ä–æ—Å–∞–º –º–æ–∂–Ω–æ –æ–±—Ä–∞—Ç–∏—Ç—å—Å—è –≤ –ü–æ—Å–æ–ª—å—Å—Ç–≤–æ –ê–≤—Å—Ç—Ä–∞–ª–∏–∏ –≤ –ú–æ—Å–∫–≤–µ –ø–æ —Ç–µ–ª–µ—Ñ–æ–Ω—É: +7 495 956-60-70. 24-—á–∞—Å–æ–≤–∞—è –∫–æ–Ω—Å—É–ª—å—Å–∫–∞—è –ø–æ–º–æ—â—å –¥–ª—è –≥—Ä–∞–∂–¥–∞–Ω –ê–≤—Å—Ç—Ä–∞–ª–∏–∏ –ø–æ —Ç–µ–ª–µ—Ñ–æ–Ω—É: +61 2 6261 3305.  –û–≥—Ä–∞–Ω–∏—á–µ–Ω–Ω—É—é —ç–∫—Å—Ç—Ä–µ–Ω–Ω—É—é –∫–æ–Ω—Å—É–ª—å—Å–∫—É—é –ø–æ–º–æ—â—å –ø—Ä–∏ –æ–ø—Ä–µ–¥–µ–ª–µ–Ω–Ω—ã—Ö –æ–±—Å—Ç–æ—è—Ç–µ–ª—å—Å—Ç–≤–∞—Ö –º–æ–∂–µ—Ç –æ–∫–∞–∑–∞—Ç—å –ü–æ—á–µ—Ç–Ω–æ–µ –∫–æ–Ω—Å—É–ª—å—Å—Ç–≤–æ –ê–≤—Å—Ç—Ä–∞–ª–∏–∏ –≤ –°–∞–Ω–∫—Ç-–ü–µ—Ç–µ—Ä–±—É—Ä–≥–µ –ø–æ –∞–¥—Ä–µ—Å—É: —É–ª–∏—Ü–∞ –ú–æ–π–∫–∞, –¥–æ–º 11. –¢–µ–ª.: +7 964 333 7572.  –ü–æ—á–µ—Ç–Ω–æ–µ –∫–æ–Ω—Å—É–ª—å—Å—Ç–≤–æ –Ω–µ –æ—Ç–≤–µ—á–∞–µ—Ç –Ω–∞ –≤–∏–∑–æ–≤—ã–µ –∑–∞–ø—Ä–æ—Å—ã.  –° —É–≤–∞–∂–µ–Ω–∏–µ–º, –ö–æ–º–∏—Ç–µ—Ç–∞ –ø–æ –≤–Ω–µ—à–Ω–∏–º —Å–≤—è–∑—è–º –°–∞–Ω–∫—Ç-–ü–µ—Ç–µ—Ä–±—É—Ä–≥–∞."
1,1,2023.01.26 11:55,"[club143265175|–¶–µ–Ω—Ç—Ä–∞–ª—å–Ω—ã–π —Ä–∞–π–æ–Ω –°–∞–Ω–∫—Ç-–ü–µ—Ç–µ—Ä–±—É—Ä–≥–∞], –∑–¥—Ä–∞–≤—Å—Ç–≤—É–π—Ç–µ. –£ –º–µ–Ω—è –≥–æ—Ç–æ–≤–æ —É—Ç–æ—á–Ω–µ–Ω–∏–µ - –Ω–∞ —Ñ–∞—Å–∞–¥–µ –¥–æ–º–∞ –†—É–±–∏–Ω—à—Ç–µ–π–Ω–∞ 2/45 —Å–æ —Å—Ç–æ—Ä–æ–Ω—ã –ù–µ–≤—Å–∫–æ–≥–æ –ø—Ä. –≤—ã—Ä—É–±–∏–ª–∏ –Ω–æ–≤—ã–π –¥–≤–µ—Ä–Ω–æ–π –ø—Ä–æ–µ–º –≤ —ç–ª–µ–º–µ–Ω—Ç–µ –û–ö–ù , –ø–æ–º–µ—â–µ–Ω–∏–µ 4-–ù –ø—Ä–∏–Ω–∞–¥–ª–µ–∂–∏—Ç –°–ü–ë , –Ω–µ—Å–∫–æ–ª—å–∫–æ —Ä–∞–∑ –æ–±—Ä–∞—â–∞–ª–∏—Å—å –≤ –ì–ñ–ò, –ö–ì–ò–û–ü, –ñ–ö -–¥–≤–µ—Ä—å –Ω–µ –∑–∞–¥–µ–ª–∞–ª–∏ –¥–æ —Å–∏—Ö –ø–æ—Ä. –ù–µ–≤–∫–ª—é—á–µ–Ω–∏–µ –¥–æ–º–∞ –≤ —Ç–µ–∫—É—â–∏–π –ø–ª–∞–Ω –ø–æ –∫–∞–ø—Ä–µ–º–æ–Ω—Ç—É —Ñ–∞—Å–∞–¥–∞ –æ—Ç–Ω–æ—Å–∏—Ç—Å—è –∫ —ç—Ç–æ–º—É –∂–µ –∞–¥—Ä–µ—Å—É"
2,2,2023.01.28 12:39,"1) –§—É—Ä—à—Ç–∞—Ç—Å–∫–∞—è, 19 –û—Ç—Å–ª–æ–µ–Ω–∏–µ —à—Ç—É–∫–∞—Ç—É—Ä–Ω–æ–≥–æ —Å–ª–æ—è –∏ —Å–ª–∞–±–æ–¥–µ—Ä–∂–∞—â–∏–µ—Å—è —ç–ª–µ–º–µ–Ω—Ç—ã, –∫–∞–∫ –≤—ã —ç—Ç–æ –Ω–∞–∑—ã–≤–∞–µ—Ç–µ"
3,3,2023.01.28 12:42,"2) –§—É—Ä—à—Ç–∞—Ç—Å–∫–∞—è, 17 –ó–¥–µ—Å—å –ø—Ä—è–º–æ-—Ç–∞–∫–∏ —É–º–æ–ª—è—é –æ–±—Ä–∞—Ç–∏—Ç—å –≤–Ω–∏–º–∞–Ω–∏–µ –Ω–∞ –∑–µ–ª—ë–Ω—É—é —Å–µ—Ç–∫—É, –ø—Ä–æ–≤–∏—Å–∞—é—â—É—é –æ—Ç —Ç—è–∂–µ—Å—Ç–∏ —Å–∫–æ–ø–ª–µ–Ω–∏—è –æ—Å—ã–ø–∞–≤—à–µ–π—Å—è —à—Ç—É–∫–∞—Ç—É—Ä–∫–∏. –û —Å–æ—Å—Ç–æ—è–Ω–∏–∏ —Ñ–∞—Å–∞–¥–∞ —Å–∫—Ä–æ–º–Ω–æ –ø—Ä–æ–º–æ–ª—á—É"
4,4,2023.01.28 12:45,"3) –§—É—Ä—à—Ç–∞—Ç—Å–∫–∞—è, 13 –û—Ç—Å–ª–æ–µ–Ω–∏–µ —à—Ç—É–∫–∞—Ç—É—Ä–Ω–æ–≥–æ —Å–ª–æ—è, —Ä–∞–∑—ä–µ–¥–∏–Ω–µ–Ω—ã —ç–ª–µ–º–µ–Ω—Ç—ã –≤–æ–¥–æ—Å—Ç–æ–∫–∞"
5,5,2023.01.28 12:46,"4) –§—É—Ä—à—Ç–∞—Ç—Å–∫–∞—è, 11 –û—Ç—Å–ª–æ–µ–Ω–∏–µ —à—Ç—É–∫–∞—Ç—É—Ä–Ω–æ–≥–æ —Å–ª–æ—è"
6,6,2023.01.26 10:04,"–î–æ–±—Ä–æ–µ —É—Ç—Ä–æ  –õ–∏–≥–æ–≤—Å–∫–∏–π –ø—Ä–æ—Å–ø–µ–∫—Ç 44 –ø–µ—Ä–µ–≤–µ–ª–∏ –Ω–∞ –æ–ø–ª–∞—Ç—É –æ—Ç–æ–ø–ª–µ–Ω–∏—è –æ—Ç –†–ñ–î, –∫–≤–∏—Ç–∞–Ω—Ü–∏–∏ –ø—Ä–∏—Ö–æ–¥—è—Ç –Ω–µ –≤ —Å—Ä–æ–∫ , –∏ –Ω–µ —É—á–∏—Ç—ã–≤–∞—é—Ç —Å—á–µ—Ç—á–∏–∫–∏ ! –ö–∞–∫ –±—ã –∑–∞—Å—Ç–∞–≤–∏—Ç—å –∏—Ö —Ä–∞–±–æ—Ç–∞—Ç—å –ø–æ —Å—Ä–æ–∫–∞–º, —Å–ø–∞—Å–∏–±–æ"
7,7,2023.01.17 16:13,"[club189314823|–ö–æ–º–∏—Ç–µ—Ç –ø–æ —ç–Ω–µ—Ä–≥–µ—Ç–∏–∫–µ –∏ –∏–Ω–∂–µ–Ω–µ—Ä–Ω–æ–º—É –æ–±–µ—Å–ø–µ—á–µ–Ω–∏—é], –∞–¥—Ä–µ—Å –∏–∑ –ø–æ—Å—Ç–∞ - –ë–∞—Å–∫–æ–≤ –ø–µ—Ä., 17. –¢–∞–º —Å—Ä–∞–∑—É 3 –¥–æ–º–∞ —Å –∑–∞—Ç–æ–ø–ª–µ–Ω–Ω—ã–º–∏ –ø–æ–¥–≤–∞–ª–∞–º–∏ –∏–∑-–∑–∞ –ø—Ä–æ—Ä—ã–≤–∞ –º–∞–≥–∏—Å—Ç—Ä–∞–ª—å–Ω—ã—Ö —Ç—Ä—É–±. –ù–µ –ø–æ–Ω—è—Ç–Ω–æ, –ø—Ä–∏ —á—ë–º –∑–¥–µ—Å—å —É–ø—Ä–∞–≤–ª—è—é—â–∏–µ –∫–æ–º–ø–∞–Ω–∏–∏, –∫–æ—Ç–æ—Ä—ã–º ¬´–Ω–µ–æ–±—Ö–æ–¥–∏–º–æ –≤–µ—Å—Ç–∏ –ø–æ—Å—Ç–æ—è–Ω–Ω—ã–π –∫–æ–Ω—Ç—Ä–æ–ª—å –∑–∞ —Å–∏—Å—Ç–µ–º–∞–º–∏ –æ—Ç–æ–ø–ª–µ–Ω–∏—è¬ª –∏ –ø—Ä."
8,8,2023.01.19 14:30,"[club189314823|–ö–æ–º–∏—Ç–µ—Ç –ø–æ —ç–Ω–µ—Ä–≥–µ—Ç–∏–∫–µ –∏ –∏–Ω–∂–µ–Ω–µ—Ä–Ω–æ–º—É –æ–±–µ—Å–ø–µ—á–µ–Ω–∏—é], –∞ –∫—Ç–æ –Ω–∞–¥–∑–∏—Ä–∞–µ—Ç –∏–ª–∏ –∫–æ–Ω—Ç—Ä–æ–ª–∏—Ä—É–µ—Ç –∏—Å–ø–æ–ª–Ω–µ–Ω–∏–µ (–≤–µ—Ä–Ω–µ–µ, –Ω–µ–∏—Å–ø–æ–ª–Ω–µ–Ω–∏–µ) ¬´–ø–æ—Å—Ç–∞–≤—â–∏–∫–æ–º —Ä–µ—Å—É—Ä—Å–æ–≤¬ª –æ–±—è–∑–∞–Ω–Ω–æ—Å—Ç–∏ –ø–æ –æ—Å—É—à–µ–Ω–∏—é –ø–æ–¥–≤–∞–ª–∞ –¥–æ–º–∞ –ë–∞—Å–∫–æ–≤, 13/15 –ø–æ—Å–ª–µ –ø—Ä–æ—Ä—ã–≤–∞ –º–∞–≥–∏—Å—Ç—Ä–∞–ª—å–Ω–æ–π —Ç—Ä—É–±—ã?"
9,9,2023.01.13 20:58,–∞ –º–µ—Ç—Ä–æ –ê–¥–º–∏—Ä–∞–ª—Ç–µ–π—Å–∫–∞—è –ø–æ—á—Ç–∏ –ø–æ—Å—Ç–æ—è–Ω–Ω–æ —Å—Ç–æ–∏—Ç 2 —Ç–æ—á–∫–∏ –ø–æ —Ç–æ—Ä–≥–æ–≤–ª–µ —Å—É–≤–µ–Ω–∏—Ä–∫–æ–π. –ù–µ –Ω–∞–π—Ç–∏ –∏—Ö —ç—Ç–æ –Ω–∞–¥–æ –±—ã—Ç—å –∏–ª–∏ —Ç–∞–ª–∞–Ω—Ç–æ–º –∏–ª–∏ —á–µ—Ä–µ–ø–∞—Ö–æ–π
10,10,2023.01.13 20:41,"–ë. –ú–æ—Å–∫–æ–≤—Å–∫–∞—è-–∏–¥—Ç–∏ –Ω–µ–≤–æ–∑–º–æ–∂–Ω–æ-–∫–∞—Ç–æ–∫ –∏–∑ –ø–æ–¥—Ç–∞—è–≤—à–µ–≥–æ —Å–Ω–µ–≥–∞. –î–≤–æ—Ä—ã –≤–Ω—É—Ç—Ä–∏ –¥–æ–º–æ–≤ –ø–æ —É–ª–∏—Ü–∞–º: –î–æ—Å—Ç–æ–µ–≤—Å–∫–æ–≥–æ, –°–æ—Ü–∏–∞–ª–∏—Å—Ç–∏—á–µ—Å–∫–∞—è, –†–∞–∑—ä–µ–∑–∂–∞—è, –ü—Ä–∞–≤–¥—ã-–Ω–µ —É–±—Ä–∞–Ω—ã. –ó–∞—Ç–æ –≤—á–µ—Ä–∞ —à–µ—Å—Ç—å –¥–≤–æ—Ä–Ω–∏–∫–æ–≤ —Ä—É–∫–æ–≤–æ–¥–∏–ª–∏ —É–±–æ—Ä–∫–æ–π –ø—Ä–æ–µ–∑–∂–µ–π —á–∞—Å—Ç–∏ –æ—Ç –†–∞–∑—ä–µ–∑–∂–µ–π –¥–æ –°–æ—Ü–∏–∞–ª–∏—Å—Ç–∏—á–µ—Å–∫–æ–π. –ì–¥–µ —Å–µ–≥–æ–¥–Ω—è –≤—Å—è —Ç–µ—Ö–Ω–∏–∫–∞ –∏ –¥–≤–æ—Ä–Ω–∏–∫–∏, —É–±–∏—Ä–∞—é—â–∏–µ —Ç—Ä–æ—Ç—É–∞—Ä?"
11,11,2023.01.15 15:37,"–≠—Ç–æ –ø—Ä–æ—Å—Ç–æ –∫–æ—à–º–∞—Ä –∫–∞–∫–æ–π-—Ç–æ. –î–≤–æ—Ä—ã –≤–æ–æ–±—â–µ –Ω–µ —É–±–∏—Ä–∞—é—Ç: —Å–Ω–µ–≥, –º—É—Å–æ—Ä - –ø—Ä–æ—Å—Ç–æ –∫–∞—Ç–∞—Å—Ç—Ä–æ—Ñ–∞. –•–æ—Ç—å –∫—Ç–æ-—Ç–æ –∑–∞ —ç—Ç–æ—Ç –±–µ—Å–ø—Ä–µ–¥–µ–ª –æ—Ç–≤–µ—á–∞–µ—Ç? –ú–∞—Ä–∞—Ç–∞ 36-38 —É—Ç–æ–ø–∞–µ—Ç. –° –Ω–∞—á–∞–ª–∞ –∑–∏–º—ã –º—É—Å–æ—Ä —É–±–∏—Ä–∞–ª–∏ —Ç–æ–ª—å–∫–æ —Ä–∞–∑"
12,12,2023.02.01 21:22,"–ö–∞–∑–∞–Ω—Å–∫–∞—è 16 ,–Ω–µ –º–æ–≥—É –¥–æ–±–∏—Ç—å—Å—è ,—á—Ç–æ–±—ã —É–±–∏—Ä–∞–ª–∏ –Ω–∞—à –¥–≤–æ—Ä ,–¥–≤–æ—Ä–Ω–∏–∫–∏ –µ—Å—Ç—å ,–Ω–æ –≥–¥–µ –æ–Ω–∏ ? –í –ø–æ—Å–ª–µ–¥–Ω–µ–µ –≤—Ä–µ–º—è –Ω–∏–∫–æ–≥–æ –Ω–µ –≤–∏–¥–Ω–æ  –ò—Ä–∏–Ω–∞"
13,13,2023.01.13 20:53,"–î–≤–æ—Ä –î–æ—Å—Ç–æ–µ–≤—Å–∫–æ–≥–æ 25, –≤—Ç–æ—Ä–æ–π —Ä–∞–∑ –∑–∞ –∑–∏–º—É, –Ω–µ —É–±—Ä–∞–Ω–æ."
14,14,2023.01.11 07:27,"–†—É–±–∏–Ω—à—Ç–µ–π–Ω–∞ 25 –¥–≤–æ—Ä–æ–≤—É—é —Ç–µ—Ä—Ä–∏—Ç–æ—Ä–∏—é —É–±–µ—Ä–∏—Ç–µ, –≥–¥–µ —Ä–∞–±–æ—Ç–Ω–∏–∫–∏?"
15,15,2023.01.10 18:38,"–ó–¥—Ä–∞–≤—Å—Ç–≤—É–π—Ç–µ! –î–≤–æ—Ä –∫—É–∑–Ω–µ—á–Ω–æ–≥–æ 10 –∑–∞ –≤—Ä–µ–º—è –∑–∏–º—ã –Ω–∏ —Ä–∞–∑—É –Ω–µ —á–∏—Å—Ç–∏–ª–∏, –¥–≤–æ—Ä–Ω–∏–∫–∏ –≤–æ–æ–±—â–µ –Ω–µ –∑–∞—Ö–æ–¥—è—Ç! –ù–∞ –ø–∏—Å—å–º–µ–Ω–Ω—ã–µ –ø—Ä–æ—Å—å–±—ã, –æ—Ç—á–∏—Ç—ã–≤–∞—é—Ç—Å—è , —á—Ç–æ —É–±—Ä–∞–ª–∏ –∏ —Å–∫–∏–¥—ã–≤–∞—é—Ç —Ñ–æ—Ç–∫–∏ —á—É–∂–æ–≥–æ –¥–≤–æ—Ä–∞! –° —Å–µ–Ω—Ç—è–±—Ä—è –º–µ—Å—è—Ü–∞ –≤–æ –¥–≤–æ—Ä–µ —Å—Ç–æ–∏—Ç –¥–≤–µ—Ä—å, –∫–æ—Ç–æ—Ä—É—é –≤—ã–Ω–µ—Å–ª–∏ —Å –∫–≤–∞—Ä—Ç–∏—Ä—ã –∫–æ—Ç–æ—Ä—É—é –∂–∏–ª–∫–æ–Ω—Ç–æ—Ä–∞ —Å–¥–∞–µ—Ç —É–∑–±–µ–∫–∞–º, —Ç–∞–∫ —ç—Ç–∞ –¥–≤–µ—Ä—å –∏ –∑–∏–º—É–µ—Ç!"
16,16,2023.01.07 21:38,"[id1272652|–§–µ–ª–∏–∫—Å], –±—Ä–µ–¥ –Ω–µ—Å–µ—Ç–µ. –õ—é—Ç—ã–π –±—Ä–µ–¥. –Ø—Ä–º–∞—Ä–∫–∞ –≤ –∏—Å—Ç–æ—Ä–∏—á–µ—Å–∫–æ–º —Ü–µ–Ω—Ç—Ä–µ –≤ –æ–≥—Ä–æ–º–Ω–æ–º –∫–≤–∞—Ä—Ç–∞–ª–µ: –ú–∞–ª–∞—è –°–∞–¥–æ–≤–∞—è - –ò—Ç–∞–ª—å—è–Ω—Å–∫–∞—è - –ú–∞–Ω–µ–∂–Ω–∞—è - –ö–ª–µ–Ω–æ–≤–∞—è –∞–ª–ª–µ—è. –ë—ã–ª–∏ —Ç–∞–º? –°–æ–º–Ω–µ–≤–∞—é—Å—å. –ì–æ—Ä–æ–¥ –∑–∞–º–µ—á–∞—Ç–µ–ª—å–Ω–æ —É–∫—Ä–∞—à–µ–Ω. –ò –Ω–µ —Ç–æ–ª—å–∫–æ –≤ —Ü–µ–Ω—Ç—Ä–µ, –Ω–æ –∏ –Ω–∞ –æ–∫—Ä–∞–∏–Ω–∞—Ö."
17,17,2023.01.05 09:08,"–°—Ç—Ä–∞–Ω–Ω—ã–µ –∫–∞–∫–∏–µ-—Ç–æ –ø—Ä–æ–≤–µ—Ä–∫–∏, –¥–∞ –∏ —Å–∞–º–∏ –ø—Ä–æ–≤–µ—Ä—è—é—â–∏–µ...–ï—â–µ –≤ —Å–µ—Ä–µ–¥–∏–Ω–µ –¥–µ–∫–∞–±—Ä—è –æ–±–µ—â–∞–ª–∏ —É–±—Ä–∞—Ç—å —Å—É–≥—Ä–æ–±, –∑–∞–≤–∞–ª–∏–≤—à–∏–π –≤—Ö–æ–¥ –≤ –ø–æ–º–µ—â–µ–Ω–∏–µ –æ—Ä–∫–µ—Å—Ç—Ä–∞ –ê–Ω–¥—Ä–µ–µ–≤–∞ –∏ –µ—â–µ –Ω–µ—Å–∫–æ–ª—å–∫–æ –Ω–µ–∂–∏–ª—ã—Ö –ø–æ–º–µ—â–µ–Ω–∏–π. –°—É–≥—Ä–æ–± –¥–æ —Å–∏—Ö –ø–æ—Ä –Ω–∞ –º–µ—Å—Ç–µ, –¥–∞ –∏ —Å–Ω–µ–≥ –Ω–∏–∫—Ç–æ –Ω–µ —É–±–∏—Ä–∞–µ—Ç. –ì–¥–µ –∂–µ –¥–æ—Ä–æ–≥–∏–µ –¥–≤–æ—Ä–Ω–∏–∫–∏, –¥–∞ –∏ —Å–∞–º –ì—Ä—É–¥–Ω–∏–∫–æ–≤, –æ–±–µ—â–∞–≤—à–∏–π –Ω–∞–≤–µ—Å—Ç–∏ –ø–æ—Ä—è–¥–æ–∫ –≤–æ –¥–≤–æ—Ä–µ –†—É–±–∏–Ω—à—Ç–µ–π–Ω–∞ 3? –ó–≤–æ–Ω–∏–º...–∑–≤–æ–Ω–∏–º...–∏ —Ç–∏—à–∏–Ω–∞ –∏ —Å–Ω–µ–≥–∞ –ø–æ –∫–æ–ª–µ–Ω–æ."
18,18,2023.01.06 16:51,"[id461010320|–ï–ª–µ–Ω–∞],  –ó–¥—Ä–∞–≤—Å—Ç–≤—É–π—Ç–µ, —É–≤–∞–∂–∞–µ–º–∞—è –ï–ª–µ–Ω–∞! –ë–ª–∞–≥–æ–¥–∞—Ä–∏–º –í–∞—Å –∑–∞ –Ω–µ—Ä–∞–≤–Ω–æ–¥—É—à–Ω–æ–µ –æ—Ç–Ω–æ—à–µ–Ω–∏–µ –∫ –∂–∏–∑–Ω–∏ –Ω–∞—à–µ–≥–æ —Ä–∞–π–æ–Ω–∞. –¢–µ—Ä—Ä–∏—Ç–æ—Ä–∏—è –ø–æ –∞–¥—Ä–µ—Å—É:—É–ª. –†—É–±–∏–Ω—à—Ç–µ–π–Ω–∞,–¥.3 –±—ã–ª–∞ –ø—Ä–∏–≤–µ–¥–µ–Ω–∞ –≤ –Ω–∞–¥–ª–µ–∂–∞—â–µ–µ —Å–æ—Å—Ç–æ—è–Ω–∏–µ."
19,19,2023.01.02 10:45,"–¢–∞–∫–æ–≤–∞ —Å–∏—Ç—É–∞—Ü–∏—è –≤–æ –¥–≤–æ—Ä–µ, –ë–æ–ª—å—à–∞—è –ú–æ—Å–∫–æ–≤—Å–∫–∞—è 5–∞. –ú—É—Å–æ—Ä –ø–µ—Ä–µ—Å—Ç–∞–ª–∏ –≤—ã–≤–æ–∑–∏—Ç—å —Å 25 –¥–µ–∫–∞–±—Ä—è."
20,20,2023.01.02 16:19,"–î–æ –°—É–≤–æ—Ä–æ–≤—Å–∫–æ–≥–æ –ø—Ä–æ—Å–ø–µ–∫—Ç–∞ , –¥–æ–π–¥–∏—Ç–µ –ø–æ–∂–∞–ª—É–π—Å—Ç–∞, —É–∂–µ 2 –Ω–µ–¥–µ–ª–∏ –ª–µ–∂–∞—Ç –≥–æ—Ä—ã –º—É—Å–æ—Ä–∞ –Ω–∞ –æ–¥–Ω–æ–º –∏–∑ –¶–µ–Ω—Ç—Ä–∞–ª—å–Ω—ã—Ö –ø—Ä–æ—Å–ø–µ–∫—Ç–æ–≤ –Ω–∞—à–µ–≥–æ —Ä–∞–π–æ–Ω–∞.–ù–∞ –ø—Ä–æ–µ–∑–∂—É—é —á–∞—Å—Ç—å –≤—Å—ë –≤–∞–ª–∏—Ç—Å—è, —Ä—è–¥–æ–º –≤ 2-—Ö –º–µ—Ç—Ä–∞—Ö –ø–∏—Ç–µ–π–Ω–æ–µ –∑–∞–≤–µ–¥–µ–Ω–∏–µ, –¥–≤–µ –≥–æ—Å—Ç–∏–Ω–∏—Ü—ã –∏ –º–∞–≥–∞–∑–∏–Ω—ã . –ì–æ—Å—Ç–µ–π –≥–æ—Ä–æ–¥–∞ –º–Ω–æ–≥–æ –≥—É–ª—è–µ—Ç. –ê —Ç—É—Ç —Ç–∞–∫–æ–µ!  –û—Ç–≤–µ—Ç—Å—Ç–≤–µ–Ω–Ω—ã–µ –∑–∞ —É–±–æ—Ä–∫—É –ñ–ö–° 3.–ê–¥—Ä–µ—Å -–°—É–≤–æ—Ä–æ–≤—Å–∫–∏–π 22-24."
21,21,2023.01.09 14:18,"[club143265175|–¶–µ–Ω—Ç—Ä–∞–ª—å–Ω—ã–π —Ä–∞–π–æ–Ω –°–∞–Ω–∫—Ç-–ü–µ—Ç–µ—Ä–±—É—Ä–≥–∞], –¢–∞–∫ –∞–¥—Ä–µ—Å —É–∫–∞–∑–∞–Ω, –°—É–≤–æ—Ä–æ–≤—Å–∫–∏–π 22-24. –í —è–Ω–≤–∞—Ä–µ –¥–æ –º–æ—Ä–æ–∑–æ–≤ –æ–Ω –ø–µ—Ä–µ–±–∞–∑–∏—Ä–æ–≤–∞–ª—Å—è –∑–∞ —É–≥–æ–ª  –°—É–≤–æ—Ä–æ–≤—Å–∫–æ–≥–æ –Ω–∞ 8-—é –°–æ–≤–µ—Ç—Å–∫—É—é —Å—Ä–∞–∑—É –∑–∞ –ª–æ–º–±–∞—Ä–¥–æ–º, –º–µ–∂–¥—É –¥–≤—É–º—è –ø–∏—Ç–µ–π–Ω—ã–º–∏ –∑–∞–≤–µ–¥–µ–Ω–∏—è–º–∏. –ù–æ —É–≥–æ–ª —Ç–æ—Ç-–∂–µ, —Ç–∞–º –≥–¥–µ –∫–∞–Ω—Ü–µ–ª—è—Ä—Å–∫–∏–π –º–∞–≥–∞–∑–∏–Ω."
22,22,2022.12.30 13:20,"–ü–µ—Ä–µ–∫—É–ø–Ω–æ–π –ø–µ—Ä, –ø—Ä. –ë–∞–∫—É–Ω–∏–Ω–∞ –∏ –≤—Å–µ —É–ª–∏—Ü—ã –≤–æ–∫—Ä—É–≥"
23,23,2022.12.22 18:25,"–õ–∏–≥–æ–≤—Å–∫–∏–π –ø—Ä–æ—Å–ø–µ–∫—Ç 44 –ù–µ–¥–µ–ª—é –ø—Ä–æ—à—É –ñ–ö–° —É–±—Ä–∞—Ç—å  –ü–æ–º–æ–≥–∏—Ç–µ , —Å–ø–∞—Å–∏–±–æ"
24,24,2022.12.26 15:37,"[club143265175|–¶–µ–Ω—Ç—Ä–∞–ª—å–Ω—ã–π —Ä–∞–π–æ–Ω –°–∞–Ω–∫—Ç-–ü–µ—Ç–µ—Ä–±—É—Ä–≥–∞], —Ç–∞–º –∞–¥—Ä–µ—Å –Ω–∞ —ç—Ç–æ–º –≥—Ä–∞—Ñ–∏–∫–µ –≤–∏–¥–µ–Ω. –ù–µ–≤—Å–∫–∏–π, 95 , 3-—è –ø–∞—Ä–∞–¥–Ω–∞—è."
25,25,2022.12.22 20:01,"–†—ã–ª–µ–µ–≤–∞ –¥. 11, –ª–∏—Ç–µ—Ä–∞ –ë. –í–æ—Ç —Ç–∞–∫ –≤—ã–≥–ª—è–¥–∏—Ç –¥–≤–æ—Ä. –í—Ç–æ—Ä–æ–π –¥–µ–Ω—å –¥–≤–æ—Ä–Ω–∏–∫–∞ –ø—Ä–æ—à—É –ø—Ä–∏–±—Ä–∞—Ç—å—Å—è, –æ—Å–æ–±–µ–Ω–Ω–æ –ø–æ—á–∏—Å—Ç–∏—Ç—å –¥–æ—Ä–æ–∂–∫—É –≤–¥–æ–ª—å –¥–æ–º–∞, –≥–¥–µ –≤—ã—Ö–æ–¥ –∏–∑ –ø–∞—Ä–∞–¥–Ω–æ–π. –î–≤–æ—Ä–Ω–∏–∫ –∂–∏–≤—ë—Ç –≤ –ø–æ–¥–≤–∞–ª–µ –Ω–∞—à–µ–π –ø–∞—Ä–∞–¥–Ω–æ–π. –í—á–µ—Ä–∞ –æ–Ω –º–Ω–µ —Å–∫–∞–∑–∞–ª, —á—Ç–æ –ø–µ—Å–∫–∞ –Ω–µ—Ç, —Å–µ–≥–æ–¥–Ω—è - –Ω–µ—Ç –ª–æ–ø–∞—Ç—ã. –Ø –ø—Ä–µ–¥–ª–æ–∂–∏–ª–∞ –µ–º—É —Å–≤–æ—é. –û–Ω –æ—Ç–∫–∞–∑–∞–ª—Å—è –∏ –≤–æ–æ–±—â–µ –∑–∞—è–≤–∏–ª, —á—Ç–æ –æ–Ω —Å—á–∏—Ç–∞–µ—Ç, —á—Ç–æ –¥–≤–æ—Ä –≤ –Ω–æ—Ä–º–∞–ª—å–Ω–æ–º —Å–æ—Å—Ç–æ—è–Ω–∏–∏!!!!! –£ –º–µ–Ω—è –≤–æ–ø—Ä–æ—Å –∑–∞, —á—Ç–æ –æ–Ω –ø–æ–ª—É—á–∞–µ—Ç –¥–µ–Ω—å–≥–∏?? –ò –∑–∞–∫–æ–Ω–Ω–æ—Å—Ç—å –µ–≥–æ –ø—Ä–æ–∂–∏–≤–∞–Ω–∏—è –≤–º–µ—Å—Ç–µ —Å –∂–µ–Ω–æ–π –≤ –ø–æ–¥–≤–∞–ª–µ –Ω–∞—à–µ–≥–æ –¥–æ–º–∞???"
26,26,2022.12.22 23:11,–ß–µ—Ä–Ω—è—Ö–æ–≤—Å–∫–æ–≥–æ 16/5 –¥–µ—Ç—Å–∫–∞—è –ø–ª–æ—â–∞–¥–∫–∞ –≤–æ –¥–≤–æ—Ä–µ. –ö–∞–∂–¥—É—é –∑–∏–º—É —É—Ä–Ω—ã –≤—ã–≥–ª—è–¥—è—Ç –≤–æ—Ç —Ç–∞–∫. –ù–∏ –∫—Ç–æ –Ω–µ —É–±–∏—Ä–∞–µ—Ç —ç—Ç–æ. –ù–µ –∑–Ω–∞—é –∫—Ç–æ –æ—Ç–≤–µ—Ç—Å—Ç–≤–µ–Ω–Ω—ã–π –∑–∞ —É–±–æ—Ä–∫—É —É—Ä–Ω –Ω–∞ –¥–µ—Ç—Å–∫–æ–π –ø–ª–æ—â–∞–¥–∫–µ
27,27,2022.12.25 13:26,"–ò–Ω—Ç–µ—Ä–µ—Å–Ω–æ –≥–¥–µ –æ–Ω–∏? –ù–∞ –ú–∞—Ä–∞—Ç–∞ 66/22 –æ–Ω–∏ –≤–æ–æ–±—â–µ –Ω–µ –∑–∞—Ö–æ–¥—è—Ç . –ù–∏–∫–∞–∫ –Ω–µ –º–æ–≥—É—Ç —Ä–µ—à–∏—Ç—å —á—å—è —ç—Ç–æ —Ç–µ—Ä—Ä–∏—Ç–æ—Ä–∏—è. –º—É–Ω–∏—Ü–∏–ø–∞–ª–æ–≤ –∏–ª–∏ –∂–∫—Å. . –ø–æ—ç—Ç–æ–º—É –º–æ–∂–Ω–æ –≤–æ–æ–±—â–µ –Ω–µ —É–±–∏—Ä–∞—Ç—å. –ê —Å –∫—Ä—ã—à–∏ —Ñ–ª–∏–≥–µ–ª—è –ª–∏—Ç–µ—Ä–∞ "" –≥ ""—Å–ª–µ—Ç–µ–ª–∏ —Ç–∞–∫–∏–µ –ª—å–¥–∏–Ω—ã , —á—Ç–æ –¥–∞–∂–µ —Å—Ç—Ä–∞—à–Ω–æ –∫–∞–∫ –Ω–∏–∫–æ–≥–æ –Ω–µ —É–±–∏–ª–æ . –∞ –∂–∫—Å –≤—Å–µ —Ä–∞–≤–Ω–æ, –æ–Ω–∏ –≤–æ–æ–±—â–µ –Ω–∏—á–µ–≥–æ –Ω–µ –±–æ—è—Ç—å—Å—è, –∞ –≤–µ–¥—å —ç—Ç–æ —É–≥–æ–ª–æ–≤–Ω–∞—è –æ—Ç–≤–µ—Ç—Å—Ç–≤–µ–Ω–Ω–æ—Å—Ç—å, .–∑–Ω–∞—á–∏—Ç –∑–Ω–∞—é—Ç —á—Ç–æ –∏–º –Ω–∏—á–µ–≥–æ –Ω–µ –±—É–¥–µ—Ç. –ø–æ—Å–º–æ—Ç—Ä–∏–º —á—Ç–æ –±—É–¥–µ—Ç –¥–∞–ª—å—à–µ –ü—Ä–æ–∫—É—Ä–∞—Ç—É—Ä–∞ —Ä–∞–±–æ—Ç–∞–µ—Ç."
28,28,2022.12.22 09:10,"[id1002921|Sergio], –ì–æ–Ω—á–∞—Ä–Ω–∞—è - —ç—Ç–æ –ø—Ä–æ—Å—Ç–æ –º—Ä–∞–∫. –í–ø—Ä–æ—á–µ–º, –∫–∞–∫ –∏ –ö—É–∑–Ω–µ—Å–Ω—ã—Ü, –°–≤–µ—á–Ω–æ–π, –ö–æ–ª–æ–º–µ–Ω—Å–∫–∞—è...."
29,29,2022.12.22 17:29,"[club143265175|–¶–µ–Ω—Ç—Ä–∞–ª—å–Ω—ã–π —Ä–∞–π–æ–Ω –°–∞–Ω–∫—Ç-–ü–µ—Ç–µ—Ä–±—É—Ä–≥–∞],  –≥–æ–Ω—á–∞—Ä–Ω–∞—è 12 (–ù–µ–≤—Å–∫–∏–π 97 –õ–∏—Ç–ê) —Å–ø–∞—Å–∏–±–æ, —Ö–æ—Ä–æ—à–æ –±—ã –≤—ã–≤–µ–∑—Ç–∏ —ç—Ç–æ –≤—Å–µ."
30,30,2022.12.21 22:33,"[id113994538|–û–ª—è], –Ω–∞ –ú–∞—Ä–∞—Ç–∞ 44 –ª—å–µ—Ç—Å—è —Å –∫—Ä—ã—à–∏ –Ω–∞ —á–µ—Ä–¥–∞–∫ –∏ –ø–æ –ø–µ—Ä–µ–∫—Ä—ã—Ç–∏—è–º –≤  –∫–≤–∞—Ä—Ç–∏—Ä—É –Ω–∞ –ø–æ—Å–ª–µ–¥–Ω–µ–º —ç—Ç–∞–∂–µ .–ù–µ —É—Å–ø–µ–≤–∞–µ–º –º–µ–Ω—è—Ç—å —Ç–∞–∑–∏–∫–∏. –í–æ –≤—Ä–µ–º—è —Å–±—Ä–æ—Å–∫–∏ —Å–Ω–µ–≥–∞ —Ä–∞–±–æ—á–∏–µ  –ø—Ä–æ—Ç–∫–Ω—É–ª–∏ –≤–µ—Ç—Ö—É—é –∫—Ä—ã—à—É –∏ –≤ –æ—Ç—Ç–µ–ø–µ–ª—å 21.12 –≤—Å–µ –ø–æ—Ç–µ–∫–ª–æ."
31,31,2022.12.22 00:29,"–ö–æ–ª–æ–º–µ–Ω—Å–∫–∞—è —É–ª–∏—Ü–∞ –≤—Å—è –≤ —Å–Ω–µ–≥—É, –ª—ë–¥/ –Ω–∞—Å—Ç–æ—è—â–∏–π –∫–∞—Ç–æ–∫, –Ω–∏–∫—Ç–æ –Ω–∏—á–µ–≥–æ –Ω–µ —É–±–∏—Ä–∞–µ—Ç!!!"
32,32,2022.12.22 08:44,"–ù–µ–≤—Å–∫–∏–π 146 –ø–æ—Å–ª–µ –∫–∞–ø —Ä–µ–º–æ–Ω—Ç–∞ –∫—Ä–æ–≤–ª–∏, –∑–∞—Ç–æ–ø–ª–µ–Ω—ã –∫–≤–∞—Ä—Ç–∏—Ä—ã 24 –∏ 173 , –ø–∞—Ä–∞–¥–Ω—ã–µ 1 –∏ 11 –Ω–∞ –ø–æ—Å–ª–µ–¥–Ω–µ–º —ç—Ç–∞–∂–µ"
33,33,2022.12.22 10:53,"–°—Ç—Ä–µ–º—è–Ω–Ω–∞—è 1/6 –≤–æ –¥–≤–æ—Ä–µ –Ω–µ –ø—Ä–æ–π—Ç–∏ ,—Å–∫–æ–ª—å–∑–∫–æ  ,—Å—Ç–æ—è—Ç –ª—É–∂–∏ ,—Å–Ω–µ–≥ –Ω–µ —É–±—Ä–∞–ª–∏ –∏ –Ω–µ –≤—ã–≤–æ–∑–∏–ª–∏ ,—Å–±—Ä–æ—Å–∏–ª–∏ –∫ —Ñ–∞—Å–∞–¥—É. –í —Ä–µ–∑—É–ª—å—Ç–∞—Ç–µ –∏–¥—ë—Ç —Ä–∞–∑—Ä—É—à–µ–Ω–∏–µ —Ñ–∞—Å–∞–¥–∞."
34,34,2022.12.22 13:34,"–î–≤–æ—Ä —É–ª. –î–æ—Å—Ç–æ–µ–≤—Å–∫–æ–≥–æ 25, –ª–µ–¥, –≤–æ–¥–∞, –∫ –ø—É—Ö—Ç–æ –Ω–µ –ø—Ä–æ–π—Ç–∏. –í —Ç–æ–º –≥–æ–¥—É –æ–Ω –≤ —Ñ–µ–≤—Ä–∞–ª–µ —Å–∞–º–æ–æ—á–∏—Å—Ç–∏–ª—Å—è."
35,35,2022.12.22 14:13,"–ß—Ç–æ –≤—ã –≤—Ä–µ—Ç–µ? –£ –Ω–∞—Å –≤ —Ü–µ–Ω—Ç—Ä–µ –≤–æ –¥–≤–æ—Ä–∞—Ö –º—ã —Å–∞–º–∏ –∂–∏—Ç–µ–ª–∏ –∏ —Å–Ω–µ–≥ —É–±–∏—Ä–∞–µ–º –∏ –±–∞–∫–∏ –≤—ã–≤–æ–∑–∏–º‚ùóÔ∏è –Ω–∞–¥–æ–µ–ª–æ –Ω–∞ —ç—Ç–æ—Ç –±–µ—Å–ø—Ä–µ–¥–µ–ª —Å–º–æ—Ç—Ä–µ—Ç—å‚ùóÔ∏è, –¥–≤–æ—Ä–Ω–∏–∫–æ–≤ –¥–∞–≤–Ω–æ –Ω–µ –≤–∏–¥–µ–ª–∏. –ó–∞—Ç–æ –ø–ª–∞—Ç–µ–∂–∫—É –ø—Ä–∏—Å–ª–∞–ª–∏ –∫–∞–∫ –ø–æ–ª–æ–∂–µ–Ω–æ, –º—ã –µ—â—ë –∏ –ø–ª–∞—Ç–∏–º –∑–∞  ¬´—Ä–∞–±–æ—Ç—É¬ª –∂–∫—Ö. –ö—Ä—ã—à–∞ –ø–æ—Å–ª–µ –≤–∞—à–µ–π –æ—á–∏—Å—Ç–∫–∏ —Ç–µ—á—ë—Ç –≤ –Ω–µ—Å–∫–æ–ª—å–∫–∏—Ö –∫–≤–∞—Ä—Ç–∏—Ä–∞—Ö. –ú–∞—Ä–∞—Ç–∞ 10"
36,36,2022.12.22 18:36,"–®–ø–∞–ª–µ—Ä–Ω–∞—è 28,–≤—á–µ—Ä–∞ –¥–æ–±—Ä–æ—Å–æ–≤–µ—Å—Ç–Ω–æ –≤—ã–≤–µ–∑–ª–∏ —Å–Ω–µ–≥.–ú–æ–ª–æ–¥—Ü—ã –ñ–ö–° 1üòÑüòÑüòÑüòÑ"
37,37,2022.12.25 16:40,–ê –º—É—Å–æ—Ä? –ì—Ä–∏–±–æ–µ–¥–æ–≤–∞ 22
38,38,2022.12.21 16:31,"–õ–∏—Ç–µ–π–Ω—ã–π 30. –¢–µ—á–µ—Ç –∫—Ä—ã—à–∞ –≤ –∫–≤–∞—Ä—Ç–∏—Ä–∞—Ö –ø–æ—Å–ª–µ–¥–Ω–µ–≥–æ —ç—Ç–∞–∂–∞. –í –æ–¥–Ω–æ–π –∏–∑ –∫–≤–∞—Ä—Ç–∏—Ä –∑–∞—è–≤–∫—É —Ä–∞—Å—Å–º–∞—Ç—Ä–∏–≤–∞—é—Ç —Å 9 –î–ï–ö–ê–ë–†–Ø!!! –£ –Ω–∞—Å –ø–æ—Ç–µ–∫–ª–∞ —Å–µ–≥–æ–¥–Ω—è –∏ —Å–∏–ª—å–Ω–æ. –ù–æ–º–µ—Ä –∑–∞—è–≤–∫–∏ 41090 –¢–∞–∫ –∂–µ, –±—É–∫–≤–∞–ª—å–Ω–æ –≤—á–µ—Ä–∞ –ø–æ—Å—Ç–∞–≤–∏–ª–∏ –≥–∏–ø—Å –Ω–∞ –ø–µ—Ä–µ–ª–æ–º –ª–æ–¥—ã–∂–∫–∏ –ø–æ—Å–ª–µ –ø—Ä–æ–≥—É–ª–æ–∫ –ø–æ —Ü–µ–Ω—Ç—Ä–∞–ª—å–Ω—ã–º —É–ª–∏—Ü–∞–º –≥–æ—Ä–æ–¥–∞ –°–∞–Ω–∫—Ç-–ü–µ—Ç–µ—Ä–±—É—Ä–≥–∞. –í–æ–ø—Ä–æ—Å: –≥–æ—Ä–æ–¥ –°–∞–Ω–∫—Ç-–ü–µ—Ç–µ—Ä–±—É—Ä–≥ –≤—Ö–æ–¥–∏—Ç –≤ —Å–æ—Å—Ç–∞–≤ –†–§ –∏–ª–∏ –µ–≥–æ –∂–∏—Ç–µ–ª—è–º –Ω–µ –ø–æ–ª–æ–∂–µ–Ω–æ —Ö–æ–¥–∏—Ç—å –ø–æ —á–∏—Å—Ç—ã–º —Ç—Ä–æ—Ç—É–∞—Ä–∞–º –∏ –∂–∏—Ç—å –±–µ–∑ –º–æ–∫—Ä–æ–π –∫—Ä—ã—à–∏ –Ω–∞–¥ –≥–æ–ª–æ–≤–æ–π?"
39,39,2022.12.20 18:03,–ö—É—Ç—É–∑–æ–≤–∞ 18 –æ–≥—Ä–æ–º–Ω–æ–µ —Å–ø–∞—Å–∏–±–æ. –ú–æ–∂–µ—Ç –µ—â—ë –º–æ–∂–Ω–æ –∫–∞–∫–æ–π —Ç–æ —è—â–∏–∫ —Å –ø—Ä–æ—Ç–∏–≤–æ–ª–µ–¥–Ω–æ–π —Å–º–µ—Å—å—é –ø–æ—Å—Ç–∞–≤–∏—Ç—å –≤–æ –¥–≤–æ—Ä–∞—Ö?–õ—é–¥–∏ —Å–∞–º–∏ –º–æ–≥—É—Ç –ø–æ—Å—ã–ø–∞—Ç—å..
40,40,2022.12.20 18:53,"–ê –ø—É—à–∫–∏–Ω—Å–∫—É—é —É–ª–∏—Ü—É –∫—Ä–æ–≤–ª—é –ø–æ—á–∏—Å—Ç–∏–ª–∏ ? –Ø 10 –¥–Ω–µ–π –Ω–∞–∑–∞–¥ –ø—Ä–æ—Å–∏–ª–∞ —á–µ—Ä–µ–∑ 004 –ø–æ—á–∏—Å—Ç–∏—Ç—å –∫—Ä—ã—à—É –æ—Ç –Ω–∞–ª–µ–¥–∏ –∏ —Å–Ω–µ–∂–Ω–æ–≥–æ –ø—Ä–µ—Å—Å–æ–≤–∞–Ω–Ω–æ–≥–æ —Å—Ö–æ–¥–∞ –ü—É—à–∫–∏–Ω—Å–∫–∞—è 18, –Ω–∞–¥ –≤—Ö–æ–¥–æ–º –≤ –¥–µ—Ç—Å–∫–∏–π —Å–∞–¥ –∏ –ø–∞—Ä–∞–¥–Ω–∞—è –∂–∏–ª–æ–≥–æ –¥–æ–º–∞ . –ó–∞—è–≤–∫–∞ –¥–æ —Å–∏—Ö –ø–æ—Ä –≤–∏—Å–∏—Ç . –û—Ç–ø–∏—Å–∞–ª–∏—Å—å –≤—á–µ—Ä–∞ —á—Ç–æ –∑–∞—è–≤–∫–∞ –±—É–¥–µ—Ç –≤—ã–ø–æ–ª–Ω–µ–Ω–∞ ü§¶‚Äç‚ôÄÔ∏è –ü–æ—á–µ–º—É –Ω–µ –ø–ª–∞–Ω–æ–≤–æ –∏ —Å–∞–º–∏ –Ω–µ —Å–ª–µ–¥—è—Ç –∑–∞ –∫—Ä—ã—à–∞–º–∏ , –ø–æ—á–µ–º—É –¥–æ–ª–∂–Ω—ã –±–µ—Å–∫–æ–Ω–µ—á–Ω–æ –∑–≤–æ–Ω–∏—Ç—å –∏ –ø—Ä–æ—Å–∏—Ç—å , –ø—Ä–µ–¥—É–ø—Ä–µ–∂–¥–∞—Ç—å , –æ–±—ä—è—Å–Ω—è—Ç—å —á—Ç–æ –æ–ø–∞—Å–Ω–æ—Å—Ç—å –¥–ª—è –¥–µ—Ç–µ–π –¥–µ—Ç—Å–∫–æ–≥–æ —Å–∞–¥–∞ –∏ –µ—â—ë –±–æ–ª–µ–µ —Ç–æ–≥–æ –∂–¥–∞—Ç—å . –ï—â—ë —É–º—É–¥—Ä—è–µ—Ç–µ—Å—å –ø–∏—Å–∞—Ç—å –∫–∞–∫ –∂–∫—Å ¬´–æ–ø–µ—Ä–∞—Ç–∏–≤–Ω–æ —Ç–∏–ø–∞ –≤—ã–ø–æ–ª–Ω—è—é—Ç ü§¶‚Äç‚ôÄÔ∏èü§Ø"
41,41,2022.12.20 19:53,"–†–∞–∑ –Ω—É–∂–Ω—ã –æ—Å–æ–±—ã–µ –æ–±—Ä–∞—â–µ–Ω–∏—è, –±–µ–∑ –∫–æ—Ç–æ—Ä—ã—Ö –Ω–µ –º–æ–≥—É—Ç –æ—Ç–≤–µ—Ç—Å—Ç–≤–µ–Ω–Ω—ã–µ –≤—ã–ø–æ–ª–Ω–∏—Ç—å —Å–≤–æ—é —Ä–∞–±–æ—Ç—É - –æ–±—Ä–∞—Ç–∏—Ç–µ –≤–Ω–∏–º–∞–Ω–∏–µ –Ω–∞ —É–ª–∏—Ü—É –õ–æ–º–æ–Ω–æ—Å–æ–≤–∞ –æ—Ç ‚Äò–§–æ–Ω—Ç–∞–Ω–∫–∏‚Äô –¥–æ ‚Äò–ü—è—Ç–∏ —É–≥–ª–æ–≤‚Äô - –¥–≤–æ—Ä—ã –Ω–µ —á–∏—â–µ–Ω—ã, —Å–æ —Å—Ç–æ—Ä–æ–Ω—ã –≤–æ –¥–≤–æ—Ä–∞—Ö –Ω–∞ –∫—Ä—ã—à–∞—Ö –Ω–∞–ª–µ–¥—å –∏ —Å–æ—Å—É–ª—å–∫–∏, –ø–∞—Ä–∫–æ–≤–∫–∞ –≤ —Å—É–≥—Ä–æ–±–∞—Ö, –≤—ä–µ–∑–¥—ã –≤–æ –¥–≤–æ—Ä—ã –≤ –Ω–∞–ª–µ–¥–∏, —Ç—Ä–æ—Ç—É–∞—Ä—ã —Å–ø–ª–æ—à–Ω–æ–π –ª—ë–¥."
42,42,2022.12.20 20:10,–°–≤–µ—á–Ω–æ–π –ø–µ—Ä–µ—É–ª–æ–∫.–¥.16/19 –ê–¥–º–∏–Ω–∏—Å—Ç—Ä–∞—Ü–∏—è –±–µ–∑ –¥–µ–π—Å—Ç–≤—É–µ—Ç.–≠—Ç–æ—Ç —Å–≤–∏–Ω–∞—Ä–Ω–∏–∫ —É–∂–µ –º–µ—Å—è—Ü –ø—Ä–æ–¥–æ–ª–∂–∞–µ—Ç—Å—è.–ö–∞–∫ –º–æ–∂–Ω–æ –æ–ø—É—Å—Ç–∏—Ç—Å—è –¥–æ —ç—Ç–æ–≥–æ?.–ö–≤–∞—Ä—Ç–ø–ª–∞—Ç—É –ø–ª–∞—Ç–∏–º –µ–∂–µ–º–µ—Å—è—á–Ω–æ.–ü—Ä–µ–∑–∏–¥–µ–Ω—Ç —á—Ç–æ –ª–∏ –¥–æ–ª–∂–µ–Ω –∑–∞–Ω–∏–º–∞—Ç—å—Å—è –≤—ã–≤–æ–∑–æ–º –º—É—Å–æ—Ä–∞?
43,43,2022.12.20 21:26,"–¢.–µ. –∫–æ–º–º—É–Ω–∞–ª—å–Ω—ã–µ —É—Å–ª—É–≥–∏ –æ–ø–ª–∞—á–∏–≤–∞—é—Ç –≤—Å–µ –æ–¥–∏–Ω–∞–∫–æ–≤–æ. –ê —É–±–∏—Ä–∞—é—Ç —Ç–æ–ª—å–∫–æ —É —Ç–µ—Ö, –∫—Ç–æ –∂–∞–ª–æ–±—É –Ω–∞–ø–∏—Å–∞–ª. –î–∞ –µ—â—ë –∏ –∑–∞–ø–∏—Å—ã–≤–∞—é—Ç —ç—Ç–æ –≤ ""–ø–æ–¥–≤–∏–≥"".  –û—á–µ–Ω—å —É–¥–æ–±–Ω–æ. –°–æ–±—Ä–∞–ª–∏ ""–º–∏–ª–ª–∏–æ–Ω"", —É–±—Ä–∞–ª–∏ –Ω–∞ 100 —Ç—ã—Ä. –î–∞ –µ—â—ë –∏ –º–µ–¥–∞–ª—å–∫—É —Å–µ–±–µ –Ω–∞ –≥—Ä—É–¥—å –ø–æ–≤–µ—Å–∏–ª–∏.  –î–Ω–µ–ø—Ä–æ–ø–µ—Ç—Ä–æ–≤—Å–∫–∞—è 3-5, –¢—Ä–∞–Ω—Å–ø–æ—Ä—Ç–Ω—ã–π 7-15. –ü—Ä–æ–µ—Ö–∞–ª —Ç—Ä–∞–∫—Ç–æ—Ä, —Ä–∞—Å—á–∏—Å—Ç–∏–ª–∏ –ø—Ä–æ–µ–∑–¥—ã. –ù–∞–≤–∞–ª–∏–ª–∏ —Å—É–≥—Ä–æ–±—ã. –ö–∞–∫ –±—ã–ª–æ –Ω–µ—É–±—Ä–∞–Ω–æ, —Ç–∞–∫ –∏ –æ—Å—Ç–∞–ª–æ—Å—å. –ê –¥–µ–Ω–µ–∂–∫–∏ –∫–∞–ø–∞—é—Ç..."
44,44,2022.12.21 22:35,–ö–∞—Ä–∞—É–ª!!  –Ω–∞ –ú–∞—Ä–∞—Ç–∞ 44 –ª—å–µ—Ç—Å—è —Å –∫—Ä—ã—à–∏ –Ω–∞ —á–µ—Ä–¥–∞–∫ –∏ –ø–æ –ø–µ—Ä–µ–∫—Ä—ã—Ç–∏—è–º –≤  –∫–≤–∞—Ä—Ç–∏—Ä—É –Ω–∞ –ø–æ—Å–ª–µ–¥–Ω–µ–º —ç—Ç–∞–∂–µ .–ù–µ —É—Å–ø–µ–≤–∞–µ–º –º–µ–Ω—è—Ç—å —Ç–∞–∑–∏–∫–∏. –í–æ –≤—Ä–µ–º—è —Å–±—Ä–æ—Å–∫–∏ —Å–Ω–µ–≥–∞ —Ä–∞–±–æ—á–∏–µ  –ø—Ä–æ—Ç–∫–Ω—É–ª–∏ –≤–µ—Ç—Ö—É—é –∫—Ä—ã—à—É –∏ –≤ –æ—Ç—Ç–µ–ø–µ–ª—å 21.12 –≤—Å–µ –ø–æ—Ç–µ–∫–ª–æ.
45,45,2022.12.19 22:47,"–©–µ—Ä–±–∞–∫–æ–≤ –ø–µ—Ä–µ—É–ª–æ–∫ –¥.7 –≤–æ –¥–≤–æ—Ä–µ —Å—Ç–æ—è—Ç –∫–æ–Ω—Ç–µ–π–Ω–µ—Ä—ã. –í—ã–≤–æ–∑—è—Ç—Å—è —Ä–µ–≥—É–ª—è—Ä–Ω–æ, –Ω–æ –≤–æ—Ç –æ–∫–æ–ª–æ –Ω–∏—Ö –Ω–µ —É–±–∏—Ä–∞—é—Ç. –ü–∞—Ä—É –Ω–µ–¥–µ–ª—å –Ω–∞–∑–∞–¥ –∫—Ç–æ-—Ç–æ –≤—ã–Ω–µ—Å –º–Ω–æ–≥–æ –º—É—Å–æ—Ä–∞, —Å–≤–∞–ª–∏–ª–∏ –º–µ–∂–¥—É –∫–æ–Ω—Ç–µ–π–Ω–µ—Ä–∞–º–∏. –í—ã–ø–∞–ª —Å–Ω–µ–≥, –≤–µ—Å—å –º—É—Å–æ—Ä –ø–æ–∫—Ä—ã–ª–æ —Ö–æ—Ä–æ—à–∏–º —Å–ª–æ–µ–º  –∏ –µ–≥–æ –∫–∞–∫ –±—ã –±—ã–ª–æ –Ω–µ –≤–∏–¥–Ω–æ. –°–Ω–µ–≥ –Ω–∞—á–∞–ª —Ç–∞—è—Ç—å, –∞ –≤–æ—Ç –º—É—Å–æ—Ä –Ω–µ—Ç)"
46,46,2022.12.19 23:01,"–†—É–±–∏–Ω—à—Ç–µ–π–Ω–∞ 26  –ì–æ—Ä—ã –º—É—Å–æ—Ä–∞, –±–∞—á–∫–∏ –≤—ã–≤–æ–∑—è—Ç—Å—è –∏ –∑–∞–≤–æ–∑—è—Ç—Å—è –Ω–µ—Ä–µ–≥—É–ª—è—Ä–Ω–æ –†–∞–±–æ—Ç–∞ –ø–æ —É–±–æ—Ä–∫–µ –æ—Ç—Å—É—Ç—Å—Ç–≤—É–µ—Ç –ø–æ—á—Ç–∏ –ø–æ–ª–Ω–æ—Å—Ç—å—é ("
47,47,2022.12.19 23:15,"—É–ª. –î–æ—Å—Ç–æ–µ–≤—Å–∫–æ–≥–æ, –¥. 5 –ø–µ—á–∞–ª—å–Ω–æ–µ –∑—Ä–µ–ª–∏—â–µ –ø–æ–º–æ–π–∫–∏. –í–∏—Å–∏—Ç –æ–±'—è–≤–ª–µ–Ω–∏–µ –æ –º–µ—Å—Ç–µ –Ω–∞—Ö–æ–∂–¥–µ–Ω–∏—è –∫–æ–Ω—Ç–µ–π–Ω–µ—Ä–æ–≤ (–æ–Ω–∏ —Ç–µ–ø–µ—Ä—å –ø–æ—Å—Ç–æ—è–Ω–Ω–æ –Ω–∞ —É–ª–∏—Ü–µ!). –ù–µ –æ–ø—Ä–∞–≤–¥—ã–≤–∞—é –≥—Ä–∞–∂–¥–∞–Ω, –Ω–æ –Ω–∞–¥–æ —á—Ç–æ-—Ç–æ –¥–µ–ª–∞—Ç—å. –ü–æ–º–æ–π–∫–∞ —É–≤–µ–ª–∏—á–∏–≤–∞–µ—Ç—Å—è –ø—É–≥–∞—é—â–∏–º–∏ —Ç–µ–º–ø–∞–º–∏."
48,48,2022.12.20 00:21,"–ú–∞—Ä–∞—Ç–∞ 26/11 –ë—ã–ª–æ –∏ –°—Ç–∞–ª–æ! –ú—É—Å–æ—Ä –ø–ª–æ—Ö–æ —Å–ø—Ä—è—Ç–∞–ª–∏ ,–º—ã –µ–≥–æ –Ω–∞—à–ª–∏üòî"
49,49,2022.12.20 15:57,"[id395057623|–°–≤–µ—Ç–∞], —É–∂–∞—Å . –ú–∞—Ä–∞—Ç–∞ , –ü—É—à–∫–∏–Ω—Å–∫–∞—è , –∫—É–∑–Ω–µ—á–Ω—ã–π –ø–µ—Ä–µ—É–ª–æ–∫ , —Å–≤–µ—á–Ω–æ–π –ø–µ—Ä–µ—É–ª–æ–∫  –≤–µ—á–Ω–∞—è –≥—Ä—è–∑—å . –ó–∏–º–æ–π –ø–æ–º–æ–π–∫–∏ –∏ —Å–Ω–µ–≥ , –ª–µ—Ç–æ–º –ø–æ–º–æ–π–∫–∏ , –≥—Ä—è–∑–Ω—ã–µ –∏ –∑–∞–ø–ª—ë–≤–∞–Ω–Ω—ã–µ —Ç—Ä–æ—Ç—É–∞—Ä—ã ."
50,50,2022.12.20 00:52,–ú–∞—Ä–∞—Ç–∞ 4!
51,51,2022.12.20 08:25,–û–±—Ä–∞—Ç–∏—Ç–µ –≤–Ω–∏–º–∞–Ω–∏–µ –Ω–∞ —Å–≤–µ—á–Ω–æ–π –ø–µ—Ä–µ—É–ª–æ–∫ 27. –¢–∞–º –æ—á–µ–Ω—å —á–∞—Å—Ç–æ –º—É—Å–æ—Ä –≤–∞–ª—è–µ—Ç—Å—è —Ä—è–¥–æ–º. –ê —Å–µ–≥–æ–¥–Ω—è –≤–æ–æ–±—â–µ –Ω–µ –ø—Ä–æ–π—Ç–∏ –ø–æ —Ç—Ä–æ—Ç—É–∞—Ä—É. –ê —Å–Ω–µ–≥ –Ω–µ —É–±–∏—Ä–∞–ª—Å—è —Å–æ –≤—Ä–µ–º–µ–Ω —Å–Ω–µ–≥–æ–ø–∞–¥–∞. –°–µ–π—á–∞—Å —Ç–∞–º –æ–≥—Ä–æ–º–Ω—ã–µ –Ω–∞–ª–µ–¥–∏
52,52,2022.12.20 10:27,"–°–æ—Ü–∏–∞–ª–∏—Å—Ç–∏—á–µ—Å–∫–∞—è, –ó–∞–≥–æ—Ä–æ–¥–Ω—ã–π –¥–æ 5 —É–≥–ª–æ–≤, —Å–Ω–µ–≥, –Ω–∞–ª–µ–¥—å, –ø—Ä–æ–π—Ç–∏ —Ç—è–∂–µ–ª–æ, –ª—é–¥–∏ –∏–¥—É—Ç –ø–æ –ø—Ä–æ–µ–∑–∂–µ–π —á–∞—Å—Ç–∏ –ó–∞–≥–æ—Ä–æ–¥–Ω–æ–≥–æ. –ù–∞–¥–æ–ª–±—ã –Ω–µ —É–±—Ä–∞–Ω—ã —Å 1 —Å–Ω–µ–≥–∞ –∏  –ø–æ—Å–ª–µ —Å–±—Ä–æ—Å–∞."
53,53,2022.12.20 11:50,–≥–æ—Ä–æ—Ö–æ–≤–∞—è 26. –≤–æ –¥–≤–æ—Ä–µ –º–æ–∂–Ω–æ —É–±–∏—Ç—å—Å—è! –∫–∞–∫ —Ö–æ–¥–∏—Ç—å —Å —Ä–µ–±–µ–Ω–∫–æ–º??? —Å–Ω–µ–≥ —Å–∫–∏–Ω—É–ª–∏ —Å –∫—Ä—ã—à–∏ –∏ —É—Å–ø–æ–∫–æ–∏–ª–∏—Å—å. —Å–∫–∞–∑–∞–ª–∏ –≤—ã–≤–æ–∑–∏—Ç—å –Ω–µ –±—É–¥—É—Ç!
54,54,2022.12.20 13:24,–û–≥—Ä–æ–º–Ω—ã–µ –∫—É—á–∏ —Å–Ω–µ–≥–∞ –≤–æ –¥–≤–æ—Ä–µ –¥–æ–º–∞ –ü–µ—Å—Ç–µ–ª—è 12
55,55,2022.12.20 19:06,–ú–∞—è–∫–æ–≤—Å–∫–æ–≥–æ –¥–æ–º 30. –î–≤–æ—Ä. –ò–∑ —Ç—Ä–µ—Ö –±–∞–∫–æ–≤ –≤—ã–≤–æ–∑—è—Ç —Ç–æ–ª—å–∫–æ –æ–¥–∏–Ω. –î–≤–∞ –±–∞–∫–∞ —Å—Ç–æ—è—Ç –ø–æ–ª–Ω—ã–µ —É–∂–µ –º–µ—Å—è—Ü. –°–Ω–µ–≥ –≤–æ –¥–≤–æ—Ä–µ –Ω–µ —É–±–∏—Ä–∞—é—Ç —Å–æ–≤—Å–µ–º.
56,56,2022.12.21 22:38,"–ö–∞—Ä–∞—É–ª!, –Ω–∞ –ú–∞—Ä–∞—Ç–∞ 44 –ª—å–µ—Ç—Å—è —Å –∫—Ä—ã—à–∏ –Ω–∞ —á–µ—Ä–¥–∞–∫ –∏ –ø–æ –ø–µ—Ä–µ–∫—Ä—ã—Ç–∏—è–º –≤  –∫–≤–∞—Ä—Ç–∏—Ä—É –Ω–∞ –ø–æ—Å–ª–µ–¥–Ω–µ–º —ç—Ç–∞–∂–µ .–ù–µ —É—Å–ø–µ–≤–∞–µ–º –º–µ–Ω—è—Ç—å —Ç–∞–∑–∏–∫–∏. –í–æ –≤—Ä–µ–º—è —Å–±—Ä–æ—Å–∫–∏ —Å–Ω–µ–≥–∞ —Ä–∞–±–æ—á–∏–µ  –ø—Ä–æ—Ç–∫–Ω—É–ª–∏ –≤–µ—Ç—Ö—É—é –∫—Ä—ã—à—É –∏ –≤ –æ—Ç—Ç–µ–ø–µ–ª—å 21.12 –≤—Å–µ –ø–æ—Ç–µ–∫–ª–æ."
57,57,2022.12.25 23:05,"–≠—Ç–æ –ø—Ä–æ—Å—Ç–æ –±–µ–∑–æ–±—Ä–∞–∑–∏–µ!!!!–£ –Ω–∞—Å –¥–≤–æ—Ä –Ω–µ —É–±–∏—Ä–∞–µ—Ç—Å—è –¥–æ–ª–∂–Ω—ã–º –æ–±—Ä–∞–∑–æ–º –º–Ω–æ–≥–æ –º–µ—Å—è—Ü–µ–≤!!!–ó–∞ —á—Ç–æ –º—ã –ø–ª–∞—Ç–∏–º –¥–µ–Ω—å–≥–∏.–ì–æ—Ä–æ–¥ —Å–º–µ–Ω–∏–ª –ø–æ–¥—Ä—è–¥—á–∏–∫–∞,—Å–æ–∑–¥–∞–ª –æ—Ç–¥–µ–ª—å–Ω—É—é –æ—Ä–≥–∞–Ω–∏–∑–∞—Ü–∏—é,–∞ —Å—Ç–∞–ª–æ —Ç–æ–ª—å–∫–æ —Ö—É–∂–µ!–ü—Ä–∏–µ–∑–∂–∞–π—Ç–µ –Ω–∞ –î–∂–∞–º–±—É–ª–∞ –¥.19 –∏ –ø–æ—Å–º–æ—Ç—Ä–∏—Ç–µ –Ω–∞ –≤–µ—Å—å –ó–∞–≥–æ—Ä–æ–¥–Ω—ã–π –ø—Ä–æ—Å–ø–µ–∫—Ç –∏ –≤–µ—Å—å –¶–µ–Ω—Ç—Ä.—Ä-–Ω.–ì—Ä—è–∑—å,–º—É—Å–æ—Ä,–ø–æ–∑–æ—Ä."
58,58,2022.12.19 18:15,–ü–æ–ª—Ç–∞–≤—Å–∫–∞—è 5/29 –≤–æ –¥–≤–æ—Ä–µ —É–∂–∞—Å –Ω–∞ –∫—Ä—ã—à–µ —Å –¥–≤—É—Ö —Å—Ç–æ—Ä–æ–Ω —Ç–∞–∫–∏–µ –≤–∏—Å—è—Ç –±–æ–º–±–∏—â–∏ –∏–∑ —Å–Ω–µ–≥–∞ –∏ –ª—å–¥–∞!!!!!
59,59,2022.12.19 23:24,"–ù–∞ –§—É—Ä—à—Ç–∞—Ç—Å–∫–æ–π 43 –≤–æ–æ–±—â–µ –¥–≤–æ—Ä–Ω–∏–∫–∞ –Ω–µ—Ç, –∂–∏—Ç–µ–ª–∏ —Å–∞–º–∏ —á–∏—Å—Ç—è—Ç –¥–≤–æ—Ä. –°–µ–π—á–∞—Å —Å–∞–º–æ–µ –≤—Ä–µ–º—è —É–≤–æ–ª—å–Ω—è—Ç—å –ª—é–¥–µ–π. –î–æ–º–æ—É–ø—Ä–∞–≤ –Ω–µ–¥–µ–ª—é –æ–±–µ—â–∞–µ—Ç –¥–∞—Ç—å –±–æ–±–∫–µ–∫, –∏ —Ç–æ–ª–∫—É –Ω–æ–ª—å. –¢–æ–ª—å–∫–æ –≤ –∫–≤–∏—Ç–∞–Ω—Ü–∏–∏ –Ω–µ –∑–∞–±—ã–≤–∞—é—Ç –≤—ã—Å—Ç–∞–≤–ª—è—Ç—å –æ–ø–ª–∞—Ç—É –∑–∞ —É–±–æ—Ä–∫—É –∏ —Å–æ–¥–µ—Ä–∂–∞–Ω–∏–µ –∑–µ–º–µ–ª—å–Ω–æ–≥–æ —É—á–∞—Å—Ç–∫–∞.  –ë–µ–∑–æ–±—Ä–∞–∑–∏–µ, –∫–∞–∫ –Ω–µ —Å—Ç—ã–¥–Ω–æ üò°"
60,60,2022.12.21 22:40,–õ—É—á—à–µ –± –∏ –Ω–µ —Å–±—Ä–∞—Å—ã–≤–∞–ª–∏ —Å–Ω–µ–≥ –∫–æ–ª–∏ –Ω–µ —É–º–µ—é—Ç. –ù–∞ –ú–∞—Ä–∞—Ç–∞ 44 –ª—å–µ—Ç—Å—è —Å –∫—Ä—ã—à–∏ –Ω–∞ —á–µ—Ä–¥–∞–∫ –∏ –ø–æ –ø–µ—Ä–µ–∫—Ä—ã—Ç–∏—è–º –≤  –∫–≤–∞—Ä—Ç–∏—Ä—É –Ω–∞ –ø–æ—Å–ª–µ–¥–Ω–µ–º —ç—Ç–∞–∂–µ .–ù–µ —É—Å–ø–µ–≤–∞–µ–º –º–µ–Ω—è—Ç—å —Ç–∞–∑–∏–∫–∏. –í–æ –≤—Ä–µ–º—è —Å–±—Ä–æ—Å–∫–∏ —Å–Ω–µ–≥–∞ —Ä–∞–±–æ—á–∏–µ  –ø—Ä–æ—Ç–∫–Ω—É–ª–∏ –≤–µ—Ç—Ö—É—é –∫—Ä—ã—à—É –∏ –≤ –æ—Ç—Ç–µ–ø–µ–ª—å 21.12 –≤—Å–µ –ø–æ—Ç–µ–∫–ª–æ.
61,61,2022.12.17 12:51,"–ø–æ–∫–∞ —Ç–∞–∫, –∂–¥—ë–º —É–ª. –°–æ—Ü–∏–∞–ª–∏—Å—Ç–∏—á–µ—Å–∫–∞—è/–ó–∞–≥–æ—Ä–æ–¥–Ω—ã–π –ø—Ä–æ—Å–ø–µ–∫—Ç, —Ä–∞–∑—Ä—É—Ö–∞ –∏ –∑–∞–ø—É—Å—Ç–µ–Ω–∏–µ"
62,62,2022.12.19 10:51,"[id1209378|–û–ª—å–≥–∞], –Ω–∞ —Å—Ç–∞–¥–∏–æ–Ω–µ –¢–∞–≤—Ä–∏—á–µ—Å–∫–æ–≥–æ —Å–∞–¥–∞. –û–±—è–∑–∞—Ç–µ–ª—å–Ω–æ –ø—Ä–∏—Ö–æ–¥–∏—Ç–µ –≤ —Å–ª–µ–¥—É—é—â–∏–π —Ä–∞–∑ üëçüèª"
63,63,2022.12.16 22:08,–í–∞—Å –∂–¥—É—Ç –Ω–∞ –ú–∞–ª–æ–π –ö–æ–Ω—é—à–µ–Ω–Ω–æ–π 9
64,64,2022.12.19 17:01,"[club148997934|–ì–ê–¢–ò | –ü—Ä–∞–≤–∏—Ç–µ–ª—å—Å—Ç–≤–æ –°–∞–Ω–∫—Ç-–ü–µ—Ç–µ—Ä–±—É—Ä–≥–∞], –ê–¥—Ä–µ—Å: –°–∞–ø–µ—Ä–Ω—ã–π –ø–µ—Ä. 9 –∏ 9 –ê."
65,65,2022.12.25 06:50,"[club148997934|–ì–ê–¢–ò | –ü—Ä–∞–≤–∏—Ç–µ–ª—å—Å—Ç–≤–æ –°–∞–Ω–∫—Ç-–ü–µ—Ç–µ—Ä–±—É—Ä–≥–∞], –ó–¥—Ä–∞–≤—Å—Ç–≤—É–π—Ç–µ! –ê–¥—Ä–µ—Å: –†—É–±–∏–Ω—à—Ç–µ–π–Ω–∞ –¥–æ–º 25 –≤ –ø–ª–∞–Ω–∞—Ö –º–æ–¥–µ—Ä–Ω–∏–∑–∞—Ü–∏–∏?"
66,66,2022.12.25 06:53,"–ó–¥—Ä–∞–≤—Å—Ç–≤—É–π—Ç–µ! –ú–æ–∂–Ω–æ —É–∑–Ω–∞—Ç—å, –¥–æ–º –≤ –ø–ª–∞–Ω–∞—Ö –º–æ–¥–µ—Ä–Ω–∏–∑–∞—Ü–∏–∏? –ê–¥—Ä–µ—Å: –†—É–±–∏–Ω—à—Ç–µ–π–Ω–∞ 25"
67,67,2022.12.26 17:30,"[id23609476|–ò—Ä–∏–Ω–∞ –£–ª–∞–Ω–æ–≤–∞], –∑–¥—Ä–∞–≤—Å—Ç–≤—É–π—Ç–µ.  –ú–µ—Ä–æ–ø—Ä–∏—è—Ç–∏—è –ø–æ —Ä–∞–∑–º–µ—â–µ–Ω–∏—é 6 –£–ú –ì–°–í–ù –Ω–∞ –≤—Ö–æ–¥–∞—Ö –≤ –ø–∞—Ä–∞–¥–Ω—ã–µ –º–Ω–æ–≥–æ–∫–≤–∞—Ä—Ç–∏—Ä–Ω–æ–≥–æ –¥–æ–º–∞ –ø–æ –∞–¥—Ä–µ—Å—É: —É–ª. –†—É–±–∏–Ω—à—Ç–µ–π–Ω–∞, –¥. 25 –Ω–µ –ø–ª–∞–Ω–∏—Ä—É—é—Ç—Å—è –≤ —Å–≤—è–∑–∏ —Å –æ—Ç–∫–∞–∑–æ–º –ø–æ–ª—É—á–µ–Ω–∏—è –¥–æ—Å—Ç—É–ø–∞ –æ—Ç —É–ø—Ä–∞–≤–ª—è—é—â–µ–π –∫–æ–º–ø–∞–Ω–∏–∏ –¥–æ–º–∞.  –î–æ–º –±—É–¥–µ—Ç –∏—Å–∫–ª—é—á–µ–Ω –∏–∑ –∞–¥—Ä–µ—Å–Ω–æ–≥–æ –ø–µ—Ä–µ—á–Ω—è –≥–æ—Å—É–¥–∞—Ä—Å—Ç–≤–µ–Ω–Ω—ã—Ö –∫–æ–Ω—Ç—Ä–∞–∫—Ç–æ–≤ –£–ú –ì–°–í–ù, –ø–ª–∞–Ω–∏—Ä—É–µ–º—ã—Ö –∫ —Ä–∞–∑–º–µ—â–µ–Ω–∏—é –≤ 2022-2023 –≥–≥. –ü–æ –≤–æ–ø—Ä–æ—Å—É —Ä–∞–∑–º–µ—â–µ–Ω–∏—è –£–ú –ì–°–í–ù –ø—Ä–æ—Å–∏–º –æ–±—Ä–∞—Ç–∏—Ç—å—Å—è –≤ —É–ø—Ä–∞–≤–ª—è—é—â—É—é –∫–æ–º–ø–∞–Ω–∏—é."
68,68,2022.12.16 00:03,"–ü—Ä–∏–≥–ª–∞—à–∞–µ–º –Ω–∞ —É–ª–∏—Ü—É –ì–æ—Ä–æ—Ö–æ–≤—É—é, –≤—Å—è —á—ë—Ç–Ω–∞—è —Å—Ç–æ—Ä–æ–Ω–∞, –≥–¥–µ —Ä–∞—Å–ø–æ–ª–∞–≥–∞–µ—Ç—Å—è –ø–ª–∞—Ç–Ω–∞—è —É–ª–∏—á–Ω–∞—è –ø–∞—Ä–∫–æ–≤–∫–∞. –ï—Å–ª–∏ —Å–º–æ–∂–µ—Ç–µ –ø—Ä–∏ –ø–∞—Ä–∫–æ–≤–∞—Ç—å—Å—è –∏ –∫–∞–∫–∏–º-—Ç–æ –æ–±—Ä–∞–∑–æ–º –ø—Ä–æ–π—Ç–∏ –ø–æ —Ç—Ä–æ—Ç—É–∞—Ä—É."
69,69,2022.12.16 02:50,–ü–µ—Ä–µ–∫—Ä–µ—Å—Ç–æ–∫ –ù–µ–≤—Å–∫–∏–π - –õ–∏—Ç–µ–π–Ω—ã–πü§∑‚Äç‚ôÄÔ∏è
70,70,2022.12.18 10:14,"–õ–∏–≥–æ–≤—Å–∫–∏–π 87–í. 2 –Ω–µ–¥–µ–ª–∏ –Ω–µ –≤—ã–≤–æ–∑—è—Ç –º—É—Å–æ—Ä! –ö—Ä—ã—Å—ã —É–∂–µ –≤ –Ω–∞–≥–ª—É—é —Å–Ω—É—é—Ç –ø–æ –¥–≤–æ—Ä—É –∏ –ø–∞—Ä–∞–¥–Ω—ã–º!!! –ì–¥–µ –ø–æ–¥—Ä—è–¥–Ω–∞—è –æ—Ä–≥–∞–Ω–∏–∑–∞—Ü–∏—è, –æ–±—è–∑–∞–Ω–Ω–∞—è —É–±–∏—Ä–∞—Ç—å —Ç–µ—Ä—Ä–∏—Ç–æ—Ä–∏—é?!"
71,71,2022.12.15 18:57,"–Ω–∞ –§—É—Ä—à—Ç–∞—Ç—Å–∫–æ–π 26 –≤ –ø—Ä–æ—à–ª–æ–º –≥–æ–¥—É –¥–∞–∂–µ —Ç—Ä–∞–∫—Ç–æ—Ä —É–±–∏—Ä–∞–ª —Å–Ω–µ–≥, –∞ –≤ —ç—Ç–æ–º –≥–æ–¥—É —Ç—Ä–∞–∫—Ç–æ—Ä –∫—É–¥—É-—Ç–æ –¥–µ–ª—Å—è..."
72,72,2022.12.15 20:23,–†–∞–∑—ä–µ–∑–∂–∞—è 42/34! –ú—É—Å–æ—Ä –Ω–µ –≤—ã–≤–æ–∑—è—Ç 7 –¥–Ω–µ–π.
73,73,2022.12.16 01:31,"–£–ª. –ú–∞—Ä–∞—Ç–∞ 26/11. –ú—É—Å–æ—Ä –Ω–µ –≤—ã–≤–æ–∑—è—Ç —Å 09.12.22. –ó–∞—è–≤–∫–∏ –ø–æ–¥–∞–Ω—ã –ø—Ä –≤—Å–µ–º —Ç–µ–ª–µ—Ñ–æ–Ω–∞–º, —É–∫–∞–∑–∞–Ω–Ω—ã–º –≤ –¥–∞–Ω–Ω–æ–º –ø–æ—Å—Ç–µ —Ç–æ–ª—å–∫–æ —Ä–µ–∑—É–ª—å—Ç–∞—Ç–∞ –Ω–∏–∫–∞–∫–æ–≥–æ. –ò —á—Ç–æ –∑–Ω–∞—á–∏—Ç ""—É–±–æ—Ä–∫–∞ –≤–Ω—É—Ç—Ä–∏–∫–≤–∞—Ä—Ç–∞–ª—å–Ω—ã—Ö —Ç–µ—Ä—Ä–∏—Ç–æ—Ä–∏–π –æ—Å—É—â–µ—Å—Ç–≤–ª—è–µ—Ç—Å—è –≤ —à—Ç–∞—Ç–Ω–æ–º —Ä–µ–∂–∏–º–µ""? –¢.–µ. –ø–æ–¥—Ä–∞–∑—É–º–µ–≤–∞–µ—Ç—Å—è, —á—Ç–æ –≤ –¥–∞–Ω–Ω—ã–π –º–æ–º–µ–Ω—Ç —Å–∏—Ç—É–∞—Ü–∏—è –≤ —Ä–∞–π–æ–Ω–µ —à—Ç–∞—Ç–Ω–∞—è, –µ—Å–ª–∏ —Ä–∞–±–æ—Ç—ã –ø—Ä–æ–≤–æ–¥—è—Ç—Å—è –≤ —à—Ç–∞—Ç–Ω–æ–º —Ä–µ–∂–∏–º–µ?"
74,74,2022.12.17 11:24,"4 –¥–Ω—è –Ω–∞–∑–∞–¥ –±—ã–ª —Å–±—Ä–æ—Å —Å–Ω–µ–≥–∞ –∏ –ª—å–¥–∞ —Å –∫—Ä–æ–≤–ª–∏ –¥–æ–º–æ–≤ –ø–æ —É–ª. –ñ—É–∫–æ–≤—Å–∫–æ–≥–æ 20-22. –î–æ —Å–∏—Ö –ø–æ—Ä –Ω–µ —É–±—Ä–∞–Ω–æ. –ö–æ–≥–¥–∞ –∂–µ –Ω–∞—á–Ω—É—Ç —É–±–∏—Ä–∞—Ç—å  –≤–æ –≤—Ä–µ–º—è?! –ù–µ—É–∂–µ–ª–∏ –¥–ª—è —ç—Ç–æ–≥–æ –Ω–∞–¥–æ –Ω–µ—Å—á–∞—Å—Ç–Ω—ã–π —Å–ª—É—á–∞–π? –¢–∞–º –Ω–µ —Ç–æ —á—Ç–æ, –ø—Ä–æ–µ—Ö–∞—Ç—å –∏–ª–∏ –ø—Ä–æ–π—Ç–∏, –ø—Ä–æ–ø–æ–ª–∑—Ç–∏ –Ω–µ–≤–æ–∑–º–æ–∂–Ω–æ!"
75,75,2022.12.16 10:24,"[id473515744|–ï–ª–µ–Ω–∞ –ß—É–º–∏–∫–æ–≤–∞], –∑–¥—Ä–∞–≤—Å—Ç–≤—É–π—Ç–µ! –ú–µ–∂–¥—É –≥–æ—Ä–æ–¥–æ–º –∏ –°–∞–Ω–∫—Ç-–ü–µ—Ç–µ—Ä–±—É—Ä–≥—Å–∫–æ–π –æ–±—â–µ—Å—Ç–≤–µ–Ω–Ω–æ–π –æ—Ä–≥–∞–Ω–∏–∑–∞—Ü–∏–µ–π ¬´–¶–µ–Ω—Ç—Ä –°–µ–≤–µ—Ä–æ-–ó–∞–ø–∞–¥–Ω–æ–π —Ñ–æ–ª—å–∫–ª–æ—Ä–Ω–æ–π –∫—É–ª—å—Ç—É—Ä—ã ¬´–≠–¢–ù–û¬ª —Ä–∞–Ω–µ–µ –±—ã–ª –∑–∞–∫–ª—é—á–µ–Ω –¥–æ–≥–æ–≤–æ—Ä –∞—Ä–µ–Ω–¥—ã –ø–æ–º–µ—â–µ–Ω–∏—è, —Ä–∞—Å–ø–æ–ª–æ–∂–µ–Ω–Ω–æ–≥–æ –≤ –∑–¥–∞–Ω–∏–∏ –ø–æ –∞–¥—Ä–µ—Å—É: –°–∞–Ω–∫—Ç-–ü–µ—Ç–µ—Ä–±—É—Ä–≥, —É–ª. –ì–∞–≥–∞—Ä–∏–Ω—Å–∫–∞—è, –¥. 14, –ª–∏—Ç. –ê.  –î–∞–Ω–Ω—ã–π –¥–æ–≥–æ–≤–æ—Ä —Ä–∞—Å—Ç–æ—Ä–≥–Ω—É—Ç –≤ —Å–≤—è–∑–∏ —Å –Ω–∞–ª–∏—á–∏–µ–º –∑–∞–¥–æ–ª–∂–µ–Ω–Ω–æ—Å—Ç–∏ –ø–æ –∞—Ä–µ–Ω–¥–Ω–æ–π –ø–ª–∞—Ç–µ.  –ù–∞ —Å–µ–≥–æ–¥–Ω—è—à–Ω–∏–π –¥–µ–Ω—å –ø–æ–º–µ—â–µ–Ω–∏–µ –∑–∞–Ω—è—Ç–æ –≤ –æ—Ç—Å—É—Ç—Å—Ç–≤–∏–∏ –∑–∞–∫–æ–Ω–Ω—ã—Ö –æ—Å–Ω–æ–≤–∞–Ω–∏–π –∏ –ø–æ–¥–ª–µ–∂–∏—Ç –æ—Å–≤–æ–±–æ–∂–¥–µ–Ω–∏—é."
76,76,2022.12.14 14:25,"–£ –Ω–∞—Å —Ç–æ–∂–µ –ø–µ—Ä. –î–∂–∞–º–±—É–ª–∞ –∫–∞–∫ –ø—Ä–æ—Å—ë–ª–æ—á–Ω–∞—è –¥–æ—Ä–æ–≥–∞, –≤—Å–µ –≤—ã–µ–∑–¥—ã —Å–æ –¥–≤–æ—Ä–æ–≤ –∑–∞–≤–∞–ª–µ–Ω—ã –∏ —Å–Ω–µ–∂–Ω—ã–µ –≥–æ—Ä—ã –ø–æ –æ–±–µ–∏–º —Å—Ç–æ—Ä–æ–Ω–∞–º –¥–æ—Ä–æ–≥–∏. –ü–æ—Ö–æ–∂–µ –∫–∞–∫ –∏ –≤—Å–µ –ø—Ä–æ—à–ª—ã–µ –≥–æ–¥—ã –¥–æ –≤–µ—Å–Ω—ã‚Ä¶."
77,77,2022.12.14 15:02,–ù–µ–≤—Å–∫–∏–π –ø—Ä. —Å–µ–≥–æ–¥–Ω—è 14.12.22 –≤ 14:00!!! –ö—Ç–æ —á–µ–≥–æ —É –≤–∞—Å —É–±–∏—Ä–∞–µ—Ç?! –°—Ç–∞–ª–∏–Ω–∞ –Ω–∞ –≤–∞—Å –≤—Å–µ—Ö –Ω–µ—Ç! –õ–µ—Å –±—ã –≤–∞–ª–∏—Ç—å –≤—Ä–µ–¥–∏—Ç–µ–ª–µ–π –æ—Ç–ø—Ä–∞–≤–∏–ª!
78,78,2022.12.14 16:21,"–†–∞–∑—ä–µ–∑–∂–∞—è 9 , –Ω–∏ –∫–∞–∫–∏—Ö —Å–ª—É–∂–± –Ω–µ –Ω–∞–±–ª—é–¥–∞–µ—Ç—Å—è —É–∂–µ –±–æ–ª—å—à–µ —Ç—Ä–µ—Ö –¥–Ω–µ–π."
79,79,2022.12.14 23:12,"–£ –Ω–∞—Å —Å–µ–≥–æ–¥–Ω—è –Ω–∞ –ú–∞—è–∫–æ–≤—Å–∫–æ–≥–æ —É–ª., 21, –¥–Ω—ë–º —Å–±—Ä–æ—Å–∏–ª–∏ —Å–Ω–µ–≥ —Å –∫—Ä—ã—à–∏ –∏ –Ω–∏–∫—Ç–æ –µ–≥–æ —Å —Ç—Ä–æ—Ç—É–∞—Ä–∞ –Ω–µ —É–±—Ä–∞–ª... –•–æ—Ç—è –≤ –¶–µ–Ω—Ç—Ä–∞–ª—å–Ω–æ–º —Ä-–Ω–µ –ø—Ä–æ–≤–æ–¥–∏–ª–∏ –≤ –Ω–æ—è–±—Ä–µ —Ç—Ä–µ–Ω–∏—Ä–æ–≤–∫—É –ø–æ –∫–æ–º–ø–ª–µ–∫—Å–Ω–æ–π —É–±–æ—Ä–∫–µ —Å–Ω–µ–≥–∞ –∏ –Ω–∞–ª–µ–¥–∏, –≤–∏–¥–∏–º–æ –Ω–µ –∑–∞–ø–æ–º–Ω–∏–ª–∏, —á—Ç–æ –ø–æ—Å–ª–µ —Å–±—Ä–æ—Å–∞ —Å–Ω–µ–≥–∞ —Å –∫—Ä—ã—à–∏, –µ–≥–æ –Ω–∞–¥–æ —É–±–∏—Ä–∞—Ç—å —Å —Ç—Ä–æ—Ç—É–∞—Ä–∞...."
80,80,2022.12.15 11:01,"–í–µ—Å—å –¶–µ–Ω—Ç—Ä–∞–ª—å–Ω—ã–π —Ä–∞–π–æ–Ω- –∑–æ–Ω–∞ –ø–ª–∞—Ç–Ω–æ–π –ø–∞—Ä–∫–æ–≤–∫–∏‚Ä¶. –ü—Ä–∏–ø–∞—Ä–∫–æ–≤–∞—Ç—å—Å—è –Ω–µ –≤–æ–∑–º–æ–∂–Ω–æ, –∞ –¥–µ–Ω—å–≥–∏ –Ω–µ –∑–∞–±—É–¥—å—Ç–µ –∑–∞–ø–ª–∞—Ç–∏—Ç—å, –∞ –∏–Ω–∞—á–µ —à—Ç—Ä–∞—Ñ! –£–ª–∏—Ü–∞ –†–æ–º–µ–Ω—Å–∫–∞—è. –ù–æ —Ç–∞–∫–∞—è –∂–µ —Å–∏—Ç—É–∞—Ü–∏—è –Ω–∞ –≤—Å–µ—Ö —Å–æ—Å–µ–¥–Ω–∏—Ö —É–ª–∏—Ü–∞—Ö."
81,81,2022.12.15 17:11,"–ü—É—à–∫–∏–Ω—Å–∫–∞—è –¥–æ–º 17, –¥–≤–æ—Ä –Ω–µ —É–±—Ä–∞–Ω , (–Ω–∞ —Ñ–æ—Ç–æ —ç—Ç–æ —Å–∞–º–∏ –∂–∏–ª—å—Ü—ã —Å –ª–æ–ø–∞—Ç–∞–º–∏ –≤—ã—à–ª–∏) –°–Ω–µ–≥ –Ω–µ –≤—ã–≤–µ–∑–µ–Ω, –±–∞—á–∫–∏ –±–æ–ª—å—à–µ –Ω–µ –∑–∞–∫–∞—Ç—ã–≤–∞—é—Ç –≤–æ –¥–≤–æ—Ä, –º—É—Å–æ—Ä –Ω–∞—á–∞–ª —Ä–∞—Å—Ç–∏ ‚Ä¶.."
82,82,2022.12.16 15:36,"[club143265175|–¶–µ–Ω—Ç—Ä–∞–ª—å–Ω—ã–π —Ä–∞–π–æ–Ω –°–∞–Ω–∫—Ç-–ü–µ—Ç–µ—Ä–±—É—Ä–≥–∞], [club143265175|–¶–µ–Ω—Ç—Ä–∞–ª—å–Ω—ã–π —Ä–∞–π–æ–Ω –°–∞–Ω–∫—Ç-–ü–µ—Ç–µ—Ä–±—É—Ä–≥–∞], —É–ª–∏—Ü–∞ –ú–∞—Ä–∞—Ç–∞ 45/12, –∂–∏—Ç–µ–ª–∏ —Å–µ–π—á–∞—Å –æ—Ñ–æ—Ä–º–ª—è—é—Ç –æ—Ñ–∏—Ü–∏–∞–ª—å–Ω–æ–µ –æ–±—Ä–∞—â–µ–Ω–∏–µ –≤ –∞–¥–º–∏–Ω–∏—Å—Ç—Ä–∞—Ü–∏—é. –î–æ —ç—Ç–æ–≥–æ —Ç–æ–ª—å–∫–æ –≤ –ñ–ö–° –æ–±—Ä–∞—â–∞–ª–∏—Å—å."
83,83,2022.12.14 11:25,"–°–∫–∞–∂–∏—Ç–µ, –∞ –∫–æ–≥–¥–∞ –ø–æ—á–∏—Å—Ç—è—Ç —Ç—Ä–æ—Ç—É–∞—Ä—ã –Ω–∞ —É–ª. –ú–æ–∏—Å–µ–µ–Ω–∫–æ? –°–æ—Ç—Ä—É–¥–Ω–∏–∫–∏ –†–∞—Ç—É—à–∏ —Ä–∏—Å–∫—É—é—Ç –Ω–µ –¥–æ–π—Ç–∏ –¥–æ —Ä–∞–±–æ—Ç—ã. –î–≤–∞ –¥–Ω—è –º–∏–Ω–∏–º—É–º –Ω–∏–∫–∞–∫–æ–≥–æ –¥–≤–∏–∂–µ–Ω–∏—è –ø–æ —É–±–æ—Ä–∫–µ."
84,84,2022.12.14 22:46,"–£–≤–∞–∂–∞–µ–º–∞—è –∞–¥–º–∏–Ω–∏—Å—Ç—Ä–∞—Ü–∏—è!  –ö–æ–≥–¥–∞ –Ω–∞–≤–µ–¥–µ—Ç–µ –ø–æ—Ä—è–¥–æ–∫ —Å –æ—á–∏—Å—Ç–∫–æ–π —Å–Ω–µ–≥–∞ –Ω–∞ —É–ª–∏—Ü–µ –§—É—Ä—à—Ç–∞—Ç—Å–∫–æ–π???  –ï—Å–ª–∏ —ç—Ç–æ –Ω–µ –≤ –≤–∞—à–µ–π –∫–æ–º–ø–µ—Ç–µ–Ω—Ü–∏–∏, —Ç–æ –ø—Ä–æ—Å—å–±–∞ –ø—Ä–∏–Ω—è—Ç—å –º–µ—Ä—ã –∏ –Ω–∞–ø—Ä–∞–≤–∏—Ç—å –æ–±—Ä–∞—â–µ–Ω–∏–µ –≤ —Å–æ–æ—Ç–≤–µ—Ç—Å—Ç–≤—É—é—â–∏–µ —Å—Ç—Ä—É–∫—Ç—É—Ä—ã! –ö–∞–∂–¥—ã–π –≥–æ–¥ –æ–¥–Ω–æ –∏ —Ç–æ –∂–µ!  –ü—Ä–æ—à–ª–æ–π –∑–∏–º–æ–π –≤ –Ω–∞—á–∞–ª–µ —è–Ω–≤–∞—Ä–µ —è –æ–±—Ä–∞—â–∞–ª–∞—Å—å —Å –∂–∞–ª–æ–±–æ–π –Ω–∞ –Ω–∞–ª–µ–¥—å –∏ –Ω–µ—É–±—Ä–∞–Ω–Ω—ã–π —Å–Ω–µ–≥ –Ω–∞ –§—É—Ä—à—Ç–∞—Ç—Å–∫–æ–π —É–ª–∏—Ü–µ, –º–Ω–µ –æ—Ç–≤–µ—Ç–∏–ª–∏ –≤ –∫–æ–Ω—Ü–µ –º–∞—Ä—Ç–µ, –∫–æ–≥–¥–∞ —Å–Ω–µ–≥ –∏ –Ω–∞–ª–µ–¥—å —Ä–∞—Å—Ç–∞—è–ª–∏, —á—Ç–æ –≤—Å–µ —É–±—Ä–∞–ª–∏!  –í—ã –≤—Å–µ –∫–æ–Ω–µ—á–Ω–æ –º–æ–ª–æ–¥—Ü—ã! –ù–æ –æ—Ç–≤–µ—Ç—å—Ç–µ –∂–∏—Ç–µ–ª—è–º - —Å–∫–æ–ª—å–∫–æ —ç—Ç–æ –±—É–¥–µ—Ç –ø—Ä–æ–¥–æ–ª–∂–∞—Ç—å—Å—è?  –ú—ã –æ—Ñ–æ—Ä–º–ª—è–µ–º –ø–∞—Ä–∫–æ–≤–æ—á–Ω—ã–µ —Ä–∞–∑—Ä–µ—à–µ–Ω–∏—è, –æ–ø–ª–∞—á–∏–≤–∞–µ–º, —Ç–æ–ª—å–∫–æ –ø—Ä–∏–ø–∞—Ä–∫–æ–≤–∞—Ç—å –º–∞—à–∏–Ω—É –Ω–µ–≥–¥–µ, —Ç–∞–∫ –∫–∞–∫ –≤—Å–µ –ø–∞—Ä–∫–æ–≤–∫–∏ –∑–∞–≤–∞–ª–µ–Ω—ã —Å–Ω–µ–≥–æ–º! –í–æ –≤—Å–µ–º –º–∏–∫—Ä–æ—Ä–∞–π–æ–Ω–µ ‚Äì –ø—Ä. –ß–µ—Ä–Ω—ã—à–µ–≤—Å–∫–æ–≥–æ, –®–ø–∞–ª–µ—Ä–Ω–∞—è, –°—É–≤–æ—Ä–æ–≤—Å–∫–∏–π, –ö–∏—Ä–æ—á–Ω–∞—è - –ø–∞—Ä–∫–æ–≤–æ—á–Ω—ã–µ –º–µ—Å—Ç–∞ –æ—á–∏—â–µ–Ω—ã —Ç–æ–ª—å–∫–æ –Ω–∞ –ø–ª–æ—â–∞–¥–∏ —É –°–º–æ–ª—å–Ω–æ–≥–æ –°–æ–±–æ—Ä–∞!  –î–∞ —á—Ç–æ –≥–æ–≤–æ—Ä–∏—Ç—å –ø—Ä–æ –ø–∞—Ä–∫–æ–≤–∫–∏, –µ—Å–ª–∏ –¥–∞–∂–µ —Å–∞–º–∞ –ø—Ä–æ–µ–∑–∂–∞—è —á–∞—Å—Ç—å –≤—Å—è –≤ —Å–Ω–µ–≥—É!  –Ø –º–Ω–æ–≥–æ –µ–∑–∂—É –ø–æ –æ–±–ª–∞—Å—Ç–∏ –∏ –Ω–∏–≥–¥–µ –ø—Ä–æ–±–ª–µ–º —Ç–∞–∫–∏—Ö –Ω–µ –Ω–∞–±–ª—é–¥–∞—é, –∞ –ø–æ—á–µ–º—É —Ç–æ –∑–∞—Å—Ç—Ä–µ–≤–∞—é –≤ —Å–Ω–µ–≥—É –∏—Å–∫–ª—é—á–∏—Ç–µ–ª—å–Ω–æ –≤ —Ü–µ–Ω—Ç—Ä–µ –°–ü–±!  –£–∂–µ –ø—Ä–æ—à–ª–æ –Ω–µ—Å–∫–æ–ª—å–∫–æ –¥–Ω–µ–π –ø–æ—Å–ª–µ —Å–Ω–µ–≥–æ–ø–∞–¥–∞ –Ω–∏—á–µ–≥–æ –Ω–µ –ø—Ä–æ–∏—Å—Ö–æ–¥–∏—Ç!"
85,85,2022.12.14 11:01,—É–ª. –ì–∞–≥–∞—Ä–∏–Ω—Å–∫–∞—è
86,86,2022.12.13 09:23,–ù–µ–≤—Å–∫–∏–π 63 –∏ 65 –¥–≤–æ—Ä–Ω–∏–∫–∞–º–∏ –Ω–µ —É–±–∏—Ä–∞—é—Ç—Å—è!!!
87,87,2022.12.13 09:31,–ó–∞–≥–æ—Ä–æ–¥–Ω—ã–π 21-23 –≤–æ –¥–≤–æ—Ä–∞—Ö –∑–∞–≤–∞–ª–∏–≤–∞–µ—Ç –≤—ã—Ö–æ–¥—ã. –î–≤–µ—Ä–∏ –Ω–µ –∑–∞–∫—Ä—ã–≤–∞—é—Ç—Å—è. –•–æ—Ç–µ–ª–æ—Å—å –±—ã –ø—Ä–æ—Å—Ç–æ –¥–æ—Ä–æ–∂–∫–∏ –æ—Ç –ø–∞—Ä–∞–¥–Ω—ã—Ö –¥–æ –ø—Ä–æ—Å–ø–µ–∫—Ç–∞.
88,88,2022.12.13 12:50,"—É–ª. –ú–∞—Ä–∞—Ç–∞ 26/11: —Å –ø—è—Ç–Ω–∏—Ü—ã 09.12.22 –Ω–∏–∫—Ç–æ –Ω–µ —É–±–∏—Ä–∞–µ—Ç —Å–Ω–µ–≥ –∏ –º—É—Å–æ—Ä–Ω—ã–µ –∫–æ–Ω—Ç–µ–π–Ω–µ—Ä—ã —Å–æ –¥–≤–æ—Ä–∞ –Ω–∏–∫—Ç–æ –Ω–µ –≤—ã–≤–æ–∑–∏—Ç –Ω–∞ –¥–æ—Ä–æ–≥—É. –í –£–ö –≥–æ–≤–æ—Ä—è—Ç, —á—Ç–æ –Ω–∞—à –¥–≤–æ—Ä, —Å–æ–≥–ª–∞—Å–Ω–æ —Ä–µ—Ñ–æ—Ä–º—ã, —É–∂–µ –ø–µ—Ä–µ—à—ë–ª –ø–æ–¥ —É–ø—Ä–∞–≤–ª–µ–Ω–∏–µ –∫–∞–∫–æ–π-—Ç–æ –¥—Ä—É–≥–æ–π –∫–æ–º–ø–∞–Ω–∏–∏, –Ω–æ –∫–∞–∫–æ–π –∏–º–µ–Ω–Ω–æ –Ω–∏–∫—Ç–æ –Ω–µ –∑–Ω–∞–µ—Ç –∏ –∫–∞–∫ —Å –Ω–µ–π —Å–≤—è–∑–∞—Ç—å—Å—è, —Å–æ–æ—Ç–≤–µ—Ç—Å—Ç–≤–µ–Ω–Ω–æ, —Ç–æ–∂–µ. –í —Ä–µ–∑—É–ª—å—Ç–∞—Ç–µ –¥–≤–æ—Ä –∑–∞–≤–∞–ª–µ–Ω —Å–Ω–µ–≥–æ–º –∏ –º—É—Å–æ—Ä–æ–º. –ê –∫—É–¥–∞ –æ–±—Ä–∞—â–∞—Ç—å—Å—è –∏ –∫—Ç–æ –∑–∞ —ç—Ç–æ –æ—Ç–≤–µ—á–∞–µ—Ç –Ω–µ–ø–æ–Ω—è—Ç–Ω–æ!"
89,89,2022.12.18 22:31,"–ú–∞—Ä–∞—Ç–∞ –æ—Ç –ö—É–∑–Ω–µ—á–Ω–æ–≥–æ –¥–æ –°–≤–µ—á–Ω–æ–≥–æ –ø–æ —á—ë—Ç–Ω–æ–π —Å—Ç–æ—Ä–æ–Ω–µ –ø—Ä–æ—Å—Ç–æ –∫–∞—Ç–æ–∫. –ü–æ–∂–∏–ª—ã–µ –ª—é–¥–∏ –≤–æ–æ–±—â–µ –Ω–µ –º–æ–≥—É—Ç –ø—Ä–æ–π—Ç–∏. –î–ª—è –∫–æ–ª—è—Å–æ–∫ –Ω–µ —Ö–≤–∞—Ç–∞–µ—Ç —à–∏—Ä–∏–Ω—ã –¥–æ—Ä–æ–∂–∫–∏ü§¶‚Äç‚ôÄÔ∏è –ú–∞—Ä–∞—Ç–∞ 36-38 –≤–æ –¥–≤–æ—Ä–µ, –∫–∞–∫ –≤ —Å–∫–∞–∑–∫–µ –ø—Ä–æ –ú–æ—Ä–æ–∑–∫–æ.  –ì–æ—Ä–∞ –º—É—Å–æ—Ä–∞ —Ä–∞—Å—Ç—ë—Ç –ø–æ —á–∞—Å–∞–º. –ö –Ω–∞–º –≤–æ –¥–≤–æ—Ä –≤–æ–æ–±—â–µ –Ω–∏–∫—Ç–æ –∏–∑ –ø–µ—Ä—Å–æ–Ω–∞–ª–∞ –Ω–µ –∑–∞—Ö–æ–¥–∏—Ç?"
90,90,2022.12.13 14:40,"–ò–Ω–∂–µ–Ω–µ—Ä–Ω–∞—è —É–ª–∏—Ü–∞, –ª–∏—Ç–µ–π–Ω—ã–π –ø—Ä–æ—Å–ø–µ–∫—Ç, –º–æ—Ö–æ–≤–∞—è, –ü–µ—Å—Ç–µ–ª—è –Ω–µ —É–±–∏—Ä–∞—é—Ç—Å—è!"
91,91,2022.12.13 17:53,"–£–≤–∞–∂–∞–µ–º–∞—è –ê–¥–º–∏–Ω–∏—Å—Ç—Ä–∞—Ü–∏—è –¶–µ–Ω—Ç—Ä–∞–ª—å–Ω–æ–≥–æ —Ä–∞–π–æ–Ω–∞!, —Å–µ–≥–æ–¥–Ω—è —Å–∏–ª–∞–º–∏ –∂–∏–ª—å—Ü–æ–≤ –±—ã–ª –æ—á–∏—â–µ–Ω –¥–≤–æ—Ä –ø–æ –∞–¥—Ä–µ—Å—É –ù–µ–≤—Å–∫–∏–π –ø—Ä–æ—Å–ø–µ–∫—Ç –¥–æ–º 61. –î–≤–æ—Ä–Ω–∏–∫–æ–≤ —Ç–∞–∫ –∏ –Ω–µ —É–≤–∏–¥–µ–ª–∏.  –ù—É –∏ –ª–∞–¥–Ω–æ, –∑–∞—Ä–ø–ª–∞—Ç—É –Ω–µ –ø—Ä–æ—Å–∏–º  –ú–æ–∂–Ω–æ –ª–∏ –ø–æ—Å–æ–¥–µ–π—Å—Ç–≤–æ–≤–∞—Ç—å –≤ –æ—á–∏—Å—Ç–∫–µ –∫—Ä—ã—à–∏ –Ω–∞—à–µ–≥–æ –¥–æ–º–∞. –ß–∏—Å—Ç–∏—Ç—å –Ω–∞—à—É –∫—Ä—ã—à—É –ª–µ–≥–∫–æ, –¥–æ—Å—Ç—É–ø –æ–±–µ—Å–ø–µ—á–∏–º."
92,92,2022.12.13 19:05,"–ö–æ–Ω—Å—Ç–∞–Ω—Ç–∏–Ω–∞ –ó–∞—Å–ª–æ–Ω–æ–≤–∞ 17, –ë–æ—Ä–æ–≤–∞—è 24, —Å –º–æ–º–µ–Ω—Ç–∞ –ø–µ—Ä–≤–æ–≥–æ —Å–Ω–µ–≥–∞ –¥–≤–æ—Ä–Ω–∏–∫–∞ –Ω–µ –±—ã–ª–æ –ù–ò –†–ê–ó–£!!! –£–±–∏—Ä–∞–µ–º —Å–≤–æ–∏–º–∏ —Å–∏–ª–∞–º–∏!"
93,93,2022.12.13 20:22,"–ö–∞–∫–∏–µ –∫–ª–∞—Å—Å–Ω—ã–µ —Ñ–æ—Ç–∫–∏ –∏ –≤–∏–¥–æ—Å–∏–∫–∏! –ü–µ—Ä–µ–¥ —ç—Ç–∏–º–∏ –ª—é–¥—å–º–∏ —Å–Ω–µ–≥ —Ä–∞—Å—Å—Ç—É–ø–∞–µ—Ç—Å—è, —Å–ª–æ–≤–Ω–æ –≤–æ–¥—ã –º–æ—Ä—Å–∫–∏–µ –ø–µ—Ä–µ–¥ –ú–æ–∏—Å–µ–µ–º!  –ê –º–æ–∂–Ω–æ —ç—Ç–∏—Ö ""–º–æ–∏—Å–µ–µ–≤"" –ø—Ä–∏—Å–ª–∞—Ç—å –≤–æ –¥–≤–æ—Ä –î–Ω–µ–ø—Ä–æ–ø–µ—Ç—Ä–æ–≤—Å–∫–∞—è 3-5, –¢—Ä–∞–Ω—Å–ø–æ—Ä—Ç–Ω—ã–π 7-13? –ê —Ç–æ –ø–µ—Ä–µ–¥ –Ω–∞–º–∏ —É–±–æ–≥–∏–º–∏ —Å–Ω–µ–≥ –Ω–µ —Ä–∞—Å—Å—Ç—É–ø–∞–µ—Ç—Å—è, –Ω–æ–≥–∏ –ª–æ–º–∞–µ–º.  –ù—É–∂–Ω–æ –±—ã –¥–≤–æ—Ä —É–±—Ä–∞—Ç—å..."
94,94,2022.12.14 02:17,"–õ–∏–≥–æ–≤—Å–∫–∏–π 44, –õ–∏–≥–æ–≤—Å–∫–∏–π 50  –Ω–µ —É–±–∏—Ä–∞—é—Ç...–æ—Ç —Å–ª–æ–≤–∞.. –°–û–í–°–ï–ú....."
95,95,2022.12.14 22:26,"–ö –ì–∞–≥–∞—Ä–∏–Ω—Å–∫–æ–π —Ç–∞–∫ –∏ –Ω–µ –ø—Ä–∏—Ç—Ä–æ–Ω—É–ª–∞—Å—å: –Ω–∏ —Ç—Ä–æ—Ç—É–∞—Ä, –Ω–∏ –∑–æ–Ω–∞ –ø–∞—Ä–∫–æ–≤–∫–∏ –Ω–µ —Ä–∞—Å—á–∏—â–µ–Ω—ã. –ñ–∞–ª–æ–±—É –≤–∞–º –Ω–∞–ø—Ä–∞–≤–ª—è—Ç—å?"
96,96,2022.12.14 11:05,"–ö—É–∑–Ω–µ—á–Ω—ã–π –ø–µ—Ä–µ—É–ª–æ–∫ –ø–æ–ª–Ω–æ—Å—Ç—å—é –∑–∞–≤–∞–ª–µ–Ω –Ω–∞–º–µ—Ä–∑—à–∏–º —Å–Ω–µ–≥–æ–º –ø—Ä–µ—Å—Å–æ–≤–∞–Ω–Ω—ã–º , –Ω–µ–≤–æ–∑–º–æ–∂–Ω–æ –ø—Ä–æ–π—Ç–∏ / –≤—ã–π—Ç–∏ –∫ –æ—Å—Ç–∞–Ω–æ–≤–∫–∞–º —Ç—Ä–∞–º–≤–∞—è"
97,97,2022.12.14 11:25,"[id186409804|–ì–∞–ª–∏–Ω–∞], —Å–µ–≥–æ–¥–Ω—è –≤—ã–ª–µ–∑–ª–∞ –Ω–∞ –ë–∏—Ä–∂–µ–≤–æ–π, —á—É—Ç—å –Ω–µ —É—Ç–æ–Ω—É–ª–∞ –≤ —Å–Ω–µ–≥—É. –≠—Ç–æ –µ—â—ë —É –æ—Å—Ç–∞–Ω–æ–≤–∫–∏ —Ç–µ—Ä–ø–∏–º–æ. –ê –ø–µ—à–µ—Ö–æ–¥–Ω—ã–π –ø–µ—Ä–µ—Ö–æ–¥ –∑–∞–≤–∞–ª–µ–Ω –≤—ã—à–µ –º–µ–Ω—è. –ê –≤–µ–¥—å –æ–Ω —à–∏—Ä–æ–∫–∏–π. –ö–∞–∫ –ø–µ—Ä–µ–π—Ç–∏ —Ç–æ? –ö–æ–ª–æ–º–µ–Ω—Å–∫–∞—è, –ó–∞—Å–ª–æ–Ω–æ–≤–∞,  –ì–æ–Ω—á–∞—Ä–Ω–∞—è - –º—Ä–∞–∫"
98,98,2022.12.14 12:16,"[id2174524|–ê–Ω–Ω–∞], —Å–µ–≥–æ–¥–Ω—è –≤–∏—Å—è—Ç –º–µ—Ç—Ä–æ–≤—ã–µ —Å–æ—Å—É–ª—å–∫–∏ –∏ —à–∞–ø–∫–∞ –∏–∑ –¢–æ–ª—Å—Ç–æ–≥–æ –ø—Ä–µ—Å—Å–æ–≤–∞–Ω–Ω–æ–≥–æ —Å–Ω–µ–≥–∞ –Ω–∞ –ü—É—à–∫–∏–Ω—Å–∫–æ–π 18. –ê —Ç–∞–º –≤–Ω–∏–∑—É –≤—Ö–æ–¥ –≤ –¥–µ—Ç—Å–∫–∏–π —Å–∞–¥ 44 . –ë–µ–∑–æ–±—Ä–∞–∑–∏–µ –ø—Ä–æ—Å—Ç–æ –±—ã–ª–æ –∏ –ø—Ä–æ–¥–æ–ª–∂–∞–µ—Ç—Å—è."
99,99,2022.12.19 09:28,"–õ–∞–¥–Ω–æ —Å–Ω–µ–≥, –æ–Ω –Ω–µ –≤–æ–Ω—è–µ—Ç. –ê –≤–æ—Ç –≤–æ –¥–≤–æ—Ä–µ –ú–∞—Ä–∞—Ç–∞ 26/11, —É–∂–µ –≤—Ç–æ—Ä—É—é –Ω–µ–¥–µ–ª—é —Ç–∞–∫... —Ö–æ—Ç—è –Ω–µ—Ç, —Å–µ–≥–æ–¥–Ω—è —Ö—É–∂–µ"
100,100,2022.12.12 22:30,"–î–æ–±—Ä—ã–π –≤–µ—á–µ—Ä. –í–æ –¥–≤–æ—Ä–µ –ñ—É–∫–æ–≤—Å–∫–æ–≥–æ 36 –Ω–∞ –ø—Ä–æ—à–ª–æ–π –Ω–µ–¥–µ–ª–µ , –ø–æ–∫–∞ —Å–Ω–µ–≥–∞ –æ—Å–æ–±–µ–Ω–Ω–æ –Ω–µ –±—ã–ª–æ, —É–±–∏—Ä–∞–ª–∏ –≤ –∫–∞–∂–¥–æ–µ —É—Ç—Ä–æ. –°–µ–≥–æ–¥–Ω—è –Ω–µ —É–±–∏—Ä–∞–ª–∏.  –í –ø—Ä–æ—à–ª–æ–º –≥–æ–¥—É –Ω–µ —É–±–∏—Ä–∞–ª–∏ –≤–æ–æ–±—â–µ."
101,101,2022.12.12 22:33,"–ú–∞—è–∫–æ–≤—Å–∫–æ–≥–æ 19/15 –ù—É–∂–µ–Ω –≤–µ–∑–¥–µ—Ö–æ–¥ –≤–æ –¥–≤–æ—Ä–µ, –∞ –≤ –ø–æ–¥—ä–µ–∑–¥ –ª–æ–ø–∞—Ç–∞"
102,102,2022.12.12 22:45,"–õ–æ–º–æ–Ω–æ—Å–æ–≤–∞, 18. –ü—Ä–æ—Å—Ç–æ –≤—Å–µ –∑–∞–º–µ–ª–æ –≤–æ –¥–≤–æ—Ä–µ."
103,103,2022.12.12 23:06,–Ø –æ—Ç –°—Ç–∞—Ä–æ—Ä—É—Å—Å–∫–æ–π 5/3 –¥–æ 44 –ø–æ–ª–∏–∫–ª–∏–Ω–∏–∫–∏ –Ω–µ—Å–ª–∞ –∫–æ–ª—è—Å–∫—É —Å —Ä–µ–±—ë–Ω–∫–æ–º.. –° 17:00 –¥–æ 19:00 –Ω–∏ –æ–¥–Ω–æ–π —Å–Ω–µ–≥–æ—É–±–æ—Ä–æ—á–Ω–æ–π –º–∞—à–∏–Ω—ã –Ω–µ –±—ã–ª–æ...
104,104,2022.12.13 03:02,"–ß—Ç–æ –∑–∞ –≤—Ä–∞–Ω—å–µ –∏ –ø–æ–∫–∞–∑—É—Ö–∞? –°–æ–≤–µ—Ç—Å–∫–∏–µ —É–ª–∏—Ü—ã, –ì—Ä–µ—á–µ—Å–∫–∏–π, –î–µ–≥—Ç—è—Ä–Ω–∞—è –Ω–µ —É–±—Ä–∞–Ω—ã. –£ —à–∫–æ–ª—ã 167 –Ω–∞ –•–µ—Ä—Å–æ–Ω—Å–∫–æ–π 9-11, –≥–¥–µ –º–æ–∏ –¥–µ—Ç–∏ —É—á–∞—Ç—Å—è, —Ç—Ä–∞–¥–∏—Ü–∏–æ–Ω–Ω—ã–µ –ª–µ–¥—è–Ω—ã–µ –≥–ª—ã–±—ã –ø–æ–¥ —Å–Ω–µ–≥–æ–º. –°–µ–≥–æ–¥–Ω—è –º–Ω–æ–≥–æ –¥–µ—Ç–µ–π –ø–æ–ø–∞–¥–∞–ª–æ"
105,105,2022.12.13 10:04,–ó–∞–≥–æ—Ä–æ–¥–Ω—ã–π 17. –í—ã—Ö–æ–¥–∏—à—å –∏–∑ –ø–∞—Ä–∞–¥–Ω–æ–π –≤ —Å—É–≥—Ä–æ–±—ã.
106,106,2022.12.13 22:26,"–Ø —Ç–∞–∫–∂–µ –ø—Ä–æ–∂–∏–≤–∞—é –Ω–∞ –°—Ç–∞—Ä–æ—Ä—É—Å—Å–∫–æ–π –¥–æ–º 5/3 , –∫–æ–≥–¥–∞ —É –Ω–∞—Å –±—É–¥—É—Ç —á–∏—Å—Ç–∏—Ç—å –¥–≤–æ—Ä , –∂–∏–≤—É –≤ —Ü–µ–Ω—Ç—Ä–∞–ª—å–Ω–æ–º –¥–≤–æ—Ä–µ , –∫—Ä—É–≥–ª–∞—è –ª–µ—Å—Ç–Ω–∏—Ü–∞ –ø–µ—Ä–µ–¥ –ø–∞—Ä–∞–¥–Ω–æ–π , –ø–æ—á–∏—â–µ–Ω–æ –≥–¥–µ —Ç–æ –º–µ—Ç—Ä–∞ 3 –æ—Ç –∫–∞–ª–∏—Ç–∫–∏ , –¥–∞–ª—å—à–µ –∏–¥–µ—Ç –≥–æ—Ä–±—ã–ª—è–º–∏ –ª—ë–¥ —Ç–∞–∫–∂–µ –º–µ—Ç—Ä–∞ 3 –∏ –¥–æ –ø–∞—Ä–∞–¥–Ω–æ–π —Å—É–≥—Ä–æ–± . –ò —Ç–∞–∫ –∫–∞–∂–¥—É—é –∑–∏–º—É , –Ω–∞–º –∏ —Ç–∞–∫ –≤—ã—Ö–æ–¥–∏—Ç—å –∏ –∑–∞—Ö–æ–¥–∏—Ç—å –≤ –ø–æ–¥—ä–µ–∑–¥ —É–∂–∞—Å—Ç–Ω–æ , —Ç–æ–≥–æ –∏ –≥–ª—è–¥–∏ –∏–ª–∏ —Ç—ã –∫–æ–≥–æ —Ç–æ –ø—Ä–∏—Å—Ç—É–∫–Ω–µ—à—å –∏–ª–∏ —Ç–µ–±—è , –¥–≤–µ—Ä—å –æ—Ç–∫—Ä—ã–≤–∞–µ—Ç—Å—è –Ω–∞ –∫—Ä—ã–ª—å—Ü–æ .–ê –≤—ã–π—Ç–∏ –∏ –∑–∞–π—Ç–∏ —Å –∫–∞–ª—è—Å–∫–æ–π –¥–µ—Ç—Å–∫–æ–π —ç—Ç–æ —Ç–æ—Ç –µ—â—ë —ç–∫—Å—Ç—Ä–∏–º , —á—Ç–æ–± —Å–ø—É—Å—Ç–∏—Ç—å –∏ –ø–æ–¥–Ω—è—Ç—å –µ—ë –≤ –ø–æ–¥—ä–µ–∑–¥ . –î–∞ —á—Ç–æ –≥–æ–≤–æ—Ä–∏—Ç—å , —è —Å–µ–≥–æ–¥–Ω—è –Ω–∞ –ø–æ—á—Ç—É —Ö–æ–¥–∏–ª–∞ –∏ —á—Ç–æ–±—ã –ø–µ—Ä–µ–π—Ç–∏ –æ—Ç –∫–∞–ª–∏—Ç–∫–∏ –¥–æ –ù–æ–≤–≥–æ—Ä–æ–¥—Å–∫–æ–π —É–ª–∏—Ü—ã —ç—Ç–æ –∫—Ä—É–≥ –≥–¥–µ —Ä–∞–∑–≤–æ—Ä–∞—á–∏–≤–∞–µ—Ç—Å—è 10 —Ç—Ä–æ–ª–ª–µ–π–±—É—Å , –Ω–µ —á–∏—â–µ–Ω–æ , –Ω–∞ –ù–æ–≤–≥–æ—Ä–æ–¥—Å–∫–æ–π –≤ —Å—Ç–æ—Ä–æ–Ω—É —Ä–∞—Ç—É—à–∏ —Ä–∞—Å—á–∏—Å—Ç–∏–ª–∏ , –∞ –Ω–∞—à —É–≥–æ–ª –≤–∏–¥–∏–º–æ –≤ —Å–º–µ—Ç—É –Ω–µ –≤–æ—à–µ–ª ."
107,107,2022.12.12 23:49,"–ö–æ–≥–¥–∞ –∂–¥–∞—Ç—å –ª–µ–¥ –Ω–∞ –ò—Å–ø–æ–ª–∫–æ–º—Å–∫–æ–π, 5 ?"
108,108,2022.12.14 09:59,"[club143265175|–¶–µ–Ω—Ç—Ä–∞–ª—å–Ω—ã–π —Ä–∞–π–æ–Ω –°–∞–Ω–∫—Ç-–ü–µ—Ç–µ—Ä–±—É—Ä–≥–∞], –∑–¥—Ä–∞–≤—Å—Ç–≤—É–π—Ç–µ, –∫–∞–∂–¥—ã–π –≥–æ–¥ –Ω–∞ –ò—Å–ø–æ–ª–∫–æ–º—Å–∫–æ–π 5 –∑–∞–ª–∏–≤–∞—é—Ç –ª—ë–¥, –Ω–æ –∫–∞—Ç–∞—Ç—å—Å—è —Ç–∞–º –Ω–µ–≤–æ–∑–º–æ–∂–Ω–æ! –ú–æ–∂–µ—Ç —Å—Ç–æ–∏—Ç –∑–∞–¥—É–º–∞—Ç—å—Å—è, –ø—Ä–∞–≤–∏–ª—å–Ω–æ –ª–∏ —ç—Ç–æ –¥–µ–ª–∞—é—Ç?"
109,109,2022.12.14 14:52,"–ó–¥—Ä–∞–≤—Å—Ç–≤—É–π—Ç–µ, —è —Å–µ–≥–æ–¥–Ω—è –∏—Å–∫–∞–ª–∞ –∫–∞—Ç–æ–∫ –Ω–∞ –ö–∞–≤–∞–ª–µ—Ä–≥–∞—Ä–¥—Å–∫–æ–π 11/9. –¢–∞–º –Ω–µ—Ç –∫–∞—Ç–∫–∞, –Ω–æ –≤—ã –ø–∏—à–µ—Ç–µ , —á—Ç–æ –∫–∞—Ç–æ–∫ –∂–¥—ë—Ç –ø–æ—Å–µ—Ç–∏—Ç–µ–ª–µ–π. –ü—Ä–æ–∫–æ–º–º–µ–Ω—Ç–∏—Ä—É–π—Ç–µ, –ø–æ–∂–∞–ª—É–π—Å—Ç–∞, –≥–¥–µ —Ç–∞–º –∫–∞—Ç–æ–∫?"
110,110,2022.12.14 17:41,"[id459141|–¢–∞—Ç—å—è–Ω–∞ –ö–æ—Ä–æ–ª—å], –∑–¥—Ä–∞–≤—Å—Ç–≤—É–π—Ç–µ! –°–ø–æ—Ä—Ç–∏–≤–Ω–∞—è –ø–ª–æ—â–∞–¥–∫–∞, –Ω–∞ –∫–æ—Ç–æ—Ä–æ–π —Ä–∞—Å–ø–æ–ª–æ–∂–µ–Ω –∫–∞—Ç–æ–∫, –Ω–∞—Ö–æ–¥–∏—Ç—Å—è –ø–æ –∞–¥—Ä–µ—Å—É: –°–∞–Ω–∫—Ç-–ü–µ—Ç–µ—Ä–±—É—Ä–≥, –ö–∞–≤–∞–ª–µ—Ä–≥–∞—Ä–¥—Å–∫–∞—è —É–ª., —É—á–∞—Å—Ç–æ–∫ 2 (—Å–µ–≤–µ—Ä–Ω–µ–µ –¥–æ–º–∞ 2–∞, –ª–∏—Ç. –ë –ø–æ –û—á–∞–∫–æ–≤—Å–∫–æ–π —É–ª.), –≤–æ –¥–≤–æ—Ä–µ –¥–æ–º–∞ 9-11-13 –ø–æ –ö–∞–≤–∞–ª–µ—Ä–≥–∞—Ä–¥—Å–∫–æ–π —É–ª–∏—Ü–µ. –í—Ö–æ–¥ —Ç–∞–∫ –∂–µ –≤–∞–∑–º–æ–∂–µ–Ω —Å–æ —Å—Ç–æ—Ä–æ–Ω—ã –¢–≤–µ—Ä—Å–∫–æ–π —É–ª–∏—Ü—ã, –¥. 11 –ö–∞—Ä—Ç—É —Å —Ä–∞—Å–ø–æ–ª–æ–∂–µ–Ω–∏–µ–º –∫–∞—Ç–∫–∞ –ø—Ä–∏–ª–∞–≥–∞–µ–º."
111,111,2022.12.16 09:49,"—Å–µ–≥–æ–¥–Ω—è 16.12.2022, –∫–∞—Ç–æ–∫ —É–ª. –°–æ—Ü–∏–∞–ª–∏—Å—Ç–∏—á–µ—Å–∫–∞—è - –ó–∞–≥–æ—Ä–æ–¥–Ω—ã–π –ø—Ä. –ø–æ–∫–∞ —Ç–∞–∫, –∫–æ–Ω—å –Ω–µ –≤–∞–ª—è–ª—Å—è"
112,112,2022.12.17 09:01,"[club143265175|–¶–µ–Ω—Ç—Ä–∞–ª—å–Ω—ã–π —Ä–∞–π–æ–Ω –°–∞–Ω–∫—Ç-–ü–µ—Ç–µ—Ä–±—É—Ä–≥–∞], –°–æ—Ü–∏–∞–ª–∏—Å—Ç–∏—á–µ—Å–∫–∞—è —É–ª., –ó–∞–≥–æ—Ä–æ–¥–Ω—ã–π –ø—Ä–æ—Å–ø–µ–∫—Ç. –í—á–µ—Ä–∞ —É–∂–µ —É—Å—Ç–∞–Ω–æ–≤–∏–ª–∏"
113,113,2022.12.12 13:43,–í–æ –¥–≤–æ—Ä–µ –î–æ—Å—Ç–æ–µ–≤—Å–∫–æ–≥–æ –¥. 9 –µ—â—ë –Ω–∏—Ä–∞–∑—É –Ω–µ —É–±–∏—Ä–∞–ª–∏. –ü–æ –¥–≤–æ—Ä—É –Ω–µ –≤–æ–∑–º–æ–∂–Ω–æ –ø—Ä–æ–π—Ç–∏!
114,114,2022.12.13 15:39,"[club143265175|–¶–µ–Ω—Ç—Ä–∞–ª—å–Ω—ã–π —Ä–∞–π–æ–Ω –°–∞–Ω–∫—Ç-–ü–µ—Ç–µ—Ä–±—É—Ä–≥–∞], –ø–æ–¥—Ö–æ–¥ –∫ 304 —à–∫–æ–ª–µ –ò –ø–æ–¥—Å–∫–∞–∂–∏—Ç–µ –ø–æ–∂–∞–ª—É–π—Å—Ç–∞,–Ω–∞ –í–∞—à–µ–π –∫–∞—Ä—Ç–µ –µ—Å—Ç—å –í–æ–ª–æ–∫–æ–ª–∞–º—Å–∫–∏–π –ø–µ—Ä.?–Ω–µ —É–±–∏—Ä–∞–µ—Ç—Å—è –≤–æ–æ–±—â–µ!"
115,115,2022.12.12 14:11,–í—Å—è 8–∞—è –°–æ–≤–µ—Ç—Å–∫–∞—è –Ω–µ –ø—Ä–æ–π—Ç–∏ –Ω–µ –ø—Ä–æ–µ—Ö–∞—Ç—å! –ê –¥–≤–æ—Ä –≤–æ–æ–±—â–µ —Å–ª–æ–≤ –Ω–µ—Ç!
116,116,2022.12.12 14:35,"–°–∫–∞–∂–∏—Ç–µ,  –ø–æ–∂–∞–ª—É–π—Å—Ç–∞,  –ø–æ—á–µ–º—É –Ω–µ –≤—Å–µ –Ω–æ–≤–æ–≥–æ–¥–Ω–∏–µ —É–∫—Ä–∞—à–µ–Ω–∏—è ""–≥–æ—Ä—è—Ç"" –Ω–∞ –°—Ç–∞—Ä–æ-–ù–µ–≤—Å–∫–æ–º? –ù–∞–ø—Ä–∏–º–µ—Ä, –≤–æ–∑–ª–µ –¥–æ–º–∞ –ù–µ–≤—Å–∫–∏–π, 93."
117,117,2022.12.13 14:34,"[club143265175|–¶–µ–Ω—Ç—Ä–∞–ª—å–Ω—ã–π —Ä–∞–π–æ–Ω –°–∞–Ω–∫—Ç-–ü–µ—Ç–µ—Ä–±—É—Ä–≥–∞], –Ω–µ–≤—Å–∫–∏–π 173-175"
118,118,2022.12.12 15:53,"–î–≤–æ—Ä –∫—É–∑–Ω–µ—á–Ω–æ–≥–æ 10 –≤–æ–æ–±—â–µ –Ω–µ—Ç –¥–≤–æ—Ä–Ω–∏–∫–æ–≤, –Ω–∏ –∑–∏–º–æ–π –Ω–∏ –ª–µ—Ç–æ–º! –°–µ–π—á–∞—Å –∏–∑-–∑–∞ —Å–Ω–µ–≥–∞ –¥–≤–µ—Ä—å –≤ –ø–æ–¥—ä–µ–∑–¥ –Ω–µ –∑–∞–∫—Ä—ã–≤–∞–µ—Ç—Å—è"
119,119,2022.12.12 21:18,–ò–Ω–∏—Ü–∏–∞—Ç–∏–≤–∞ 2-—Å–∫–≤–µ—Ä –ö–∏—Ä–æ—á–Ω–∞—è –∏ –ù–æ–≤–≥–æ—Ä–æ–¥—Å–∫–∞—è üëåüëè
120,120,2022.12.12 23:45,"–£–≤–∞–∂–∞–µ–º–∞—è –∞–¥–º–∏–Ω–∏—Å—Ç—Ä–∞—Ü–∏—è! –°–∫–∞–∂–∏—Ç–µ,  –ø–æ–∂–∞–ª—É–π—Å—Ç–∞,  –ø–æ—á–µ–º—É –Ω–µ –≤—Å–µ –Ω–æ–≤–æ–≥–æ–¥–Ω–∏–µ —É–∫—Ä–∞—à–µ–Ω–∏—è ""–≥–æ—Ä—è—Ç"" –Ω–∞ –°—Ç–∞—Ä–æ-–ù–µ–≤—Å–∫–æ–º? –ù–∞–ø—Ä–∏–º–µ—Ä, –≤–æ–∑–ª–µ –¥–æ–º–∞ –ù–µ–≤—Å–∫–∏–π, 93. –ê –Ω–∞ –ù–µ–≤—Å–∫–æ–º –æ—Ç –î–æ–º–∞ –ê–∫—Ç—ë—Ä–∞, –ù–µ–≤—Å–∫–∏–π, 92-94 –¥–æ –ø–ª–æ—â–∞–¥–∏ –í–æ—Å—Å—Ç–∞–Ω–∏—è –Ω–µ –≥–æ—Ä—è—Ç 4 –≥–∏—Ä–ª—è–Ω–¥—ã."
121,121,2022.12.13 13:39,–°–∫–≤–µ—Ä –Ω–∞ –ö–∏—Ä–æ—á–Ω–∞—è/–Ω–æ–≤–æ–≥–æ—Ä–æ–¥—Å–∫–∞—è !!!
122,122,2022.12.13 14:18,–û–≤—Å—è–Ω–Ω–∏–∫–æ–≤—Å–∫–∏–π —Å–∞–¥
123,123,2022.12.13 15:07,"–û–≤—Å—è–Ω–Ω–∏–∫–æ–≤—Å–∫–∏–π —Å–∞–¥, –∑–¥–æ—Ä–æ–≤–æ. –ú–µ—Å—Ç–æ –¥–ª—è –≤—ã–≥—É–ª–∞ —Å–æ–±–∞–∫."
124,124,2022.12.13 17:23,"–û—á–µ–≤–∏–¥–Ω–æ —á—Ç–æ —Å–æ–∑–¥–∞–Ω–∏–µ —Å–∫–≤–µ—Ä–∞ –Ω–∞ –ö–∏—Ä–æ—á–Ω–æ–π/–ù–æ–≤–≥–æ—Ä–æ–¥—Å–∫–æ–π.  –ù–µ–∫—Ä–∞—Å–æ–≤—Å–∫–∏–π —Å–∞–¥ –±—ã–ª –∏ –µ—Å—Ç—å, –∫–∞–∫ –∏ –û–≤—Å—è–Ω–Ω–∏–∫–æ–≤—Å–∫–∏–π, –∞ –Ω–∞ –ö–∏—Ä–æ—á–Ω–æ–π –æ–¥–Ω–∏ –≥–∞—Ä–∞–∂–∏"
125,125,2022.12.13 17:31,"–ó–∞ –≤—Ç–æ—Ä–æ–π –≤–∞—Ä–∏–∞–Ω—Ç.   –ù–µ–∫—Ä–∞—Å–æ–≤—Å–∫–∏–π —Å–∞–¥ - —Ä–∞—Å—Å–∞–¥–Ω–∏–∫ –¥–ª—è –∞–ª–∫–∞—à–µ–π. –í—ã –≤–∏–¥–µ–ª–∏ —á—Ç–æ —Ç–∞–º –ø—Ä–æ–∏—Å—Ö–æ–¥–∏—Ç? –û–Ω–∏ –≤—Å–µ –∑–∞–º–æ—Ä–∞–ª–∏ —É–∂–µ !! –ò –∏—Å–ø–æ—Ä—Ç—è—Ç —Ç–æ, —á—Ç–æ –±—É–¥–µ—Ç –±–ª–∞–≥–æ—É—Å—Ç—Ä–æ–µ–Ω–æ. –î—Ä—É–≥–∏—Ö —Å–ª–æ–≤ –ø—Ä–æ—Å—Ç–æ –Ω–µ –ø–æ–¥–æ–±—Ä–∞—Ç—å! –í–µ–∑–¥–µ –≥—Ä—è–∑—å,–±—É—Ç—ã–ª–∫–∏, –æ–Ω–∏ –ø—É–≥–∞—é—Ç –¥–µ—Ç–µ–π, –Ω–µ–∫–æ—Ç–æ—Ä—ã–µ –∏–Ω–¥–∏–≤–∏–¥—É—É–º—ã –≤–æ–æ–±—â–µ –ª—é–±—è—Ç –ø–æ—Ç–æ–º —Ç–∞–º –±–µ–∑ –æ–¥–µ–∂–¥—ã —Ö–æ–¥–∏—Ç—å. –ú—ã —Ç—É–¥–∞ –Ω–∏ –Ω–æ–≥–æ–π   –ù–∞ –ø–µ—Ä–µ—Å–µ—á–µ–Ω–∏–∏ –ö–∏—Ä–æ—á–Ω–æ–π –∏ –ù–æ–≤–≥–æ—Ä–æ–¥—Å–∫–æ–π –≤–æ–æ–±—â–µ –Ω–∏—á–µ–≥–æ –Ω–µ—Ç! –ê —Ö–æ—Ç–µ–ª–æ—Å—å –±—ã –ø–æ–±–æ–ª—å—à–µ –∑–µ–ª–µ–Ω–∏ –∏ –∑–æ–Ω –æ—Ç–¥—ã—Ö–∞."
126,126,2022.12.14 19:12,"[id357477533|–ê–ø–æ–ª–ª–∏–Ω–∞—Ä–∏—è], –∞ –≥–¥–µ –≥–∞—Ä–∞–Ω—Ç–∏—è,  —á—Ç–æ –Ω–∞ –Ω–æ–≤–æ–π –ø–ª–æ—â–∞–¥–∫–µ –Ω–∞ –ù–æ–≤–≥–æ—Ä–æ–¥—Å–∫–æ–π —É–ª–∏—Ü–µ –Ω–µ –±—É–¥–µ—Ç –∞–ª–∫–∞—à–µ–π?"
127,127,2022.12.15 12:35,"[club143265175|–¶–µ–Ω—Ç—Ä–∞–ª—å–Ω—ã–π —Ä–∞–π–æ–Ω –°–∞–Ω–∫—Ç-–ü–µ—Ç–µ—Ä–±—É—Ä–≥–∞], –∑–¥—Ä–∞–≤—Å—Ç–≤—É–π—Ç–µ, –ö–æ–Ω—Å—Ç–∞–Ω—Ç–∏–Ω–∞ –ó–∞—Å–ª–æ–Ω–æ–≤–∞ 17, –ë–æ—Ä–æ–≤–∞—è 24, —Ç—É—Ç –Ω–µ –º–Ω–æ–≥–æ –æ—Å—Ç–∞–ª–æ—Å—å, –º—ã –∑–∞ 3 –¥–Ω—è —Å–∞–º–∏ –ø–æ—á—Ç–∏ –≤—Å–µ —Ä–∞—Å—á–∏—Å—Ç–∏–ª–∏, –∂–∫—Å –Ω–µ –ø–æ—è–≤–∏–ª—Å—è –Ω–∏ —Ä–∞–∑—É"
128,128,2022.12.13 22:06,"–ú–Ω–µ –Ω–µ –Ω—Ä–∞–≤–∏—Ç—Å—è –Ω–∏ –æ–¥–Ω–∞ –∏–Ω–∏—Ü–∏–∞—Ç–∏–≤–∞. –£ –Ω–∞—Å –¥—Ä—É–≥–∞—è –ø—Ä–æ–±–ª–µ–º–∞: –ö–æ–Ω–Ω–∞—è, 8, –ø–∞—Ä–∞–¥–Ω–∞—è ‚Ññ4: —Å–æ–≤–º–µ—Å—Ç–Ω–æ —Å –∂–∏—Ç–µ–ª—è–º–∏ –¥–æ–º–∞ –ø–æ –ë–∞–∫—É–Ω–∏–Ω–∞, 7 –ø—Ä–æ—Å–∏–ª–∏ –ø–µ—Ä–µ–º–µ—Å—Ç–∏—Ç—å –º—É—Å–æ—Ä–Ω—ã–µ –∫–æ–Ω—Ç–µ–π–Ω–µ—Ä—ã –≤–Ω–µ –≤–Ω—É—Ç—Ä–µ–Ω–Ω–∏—Ö –¥–≤–æ—Ä–æ–≤, –∞ –≤ –∏—Ç–æ–≥–µ –∏—Ö –ø–æ—Å—Ç–∞–≤–∏–ª–∏ –≤ –∞—Ä–∫—É –≤ –Ω–µ—Å–∫–æ–ª—å–∫–∏—Ö –º–µ—Ç—Ä–∞—Ö –æ—Ç –Ω–∞—à–µ–π –ø–∞—Ä–∞–¥–Ω–æ–π. –ñ–∏—Ç–µ–ª—è–º –¥–æ–º–∞ –ø–æ –ë–∞–∫—É–Ω–∏–Ω–∞, 7 —Ö–æ—Ä–æ—à–æ, —É –Ω–∏—Ö –¥–æ–ø–æ–ª–Ω–∏—Ç–µ–ª—å–Ω—ã–µ –ø–∞—Ä–∫–æ–≤–æ—á–Ω—ã–µ –º–µ—Å—Ç–∞, –∞ –ø—Ä–æ –Ω–∞—Å –Ω–µ –¥—É–º–∞—é—Ç."
129,129,2022.12.11 16:45,"–î–∂–∞–º–±—É–ª–∞ 19, –¥–≤–∞ –¥–Ω—è –±–∞–∫–∏ —Å—Ç–æ—è–ª–∏ –≤ –∞—Ä–∫–µ –¥–æ–º–∞, –ø–µ—Ä–µ–≥–æ—Ä–∞–∂–∏–≤–∞—è –ø—Ä–æ–µ–∑–¥ –º–∞—à–∏–Ω–∞–º. –í –∏—Ç–æ–≥–µ –º—É–∂—á–∏–Ω—ã –Ω–∞—à–µ–≥–æ –¥–≤–æ—Ä–∞ –æ–±—ä–µ–¥–∏–Ω–∏–ª–∏—Å—å –∏ —Å–∞–º–∏ –≤—ã–∫–∞—Ç–∏–ª–∏ –±–∞–∫–∏ –Ω–∞ —É–ª–∏—Ü—É. –ù–æ –∫—Ç–æ –∏—Ö –æ–±—Ä–∞—Ç–Ω–æ –∑–∞–∫–∞—Ç–∏—Ç? –ö—Ç–æ –∏ –∫–æ–≥–¥–∞ –ø—Ä–∏–±–µ—Ä–µ—Ç –¥–≤—É—Ö–¥–Ω–µ–≤–Ω—ã–µ –∫—É—á–∏ –º—É—Å–æ—Ä–∞ –Ω–∞ –º—É—Å–æ—Ä–Ω–æ–π –ø–ª–æ—â–∞–¥–∫–µ?  –ü–æ—á–µ–º—É –ñ–≠–ö –æ—Ç–Ω—ã–Ω–µ —Å—á–∏—Ç–∞–µ—Ç, —á—Ç–æ —ç—Ç–æ –Ω–µ –∏—Ö –æ–±—è–∑–∞–Ω–Ω–æ—Å—Ç–∏?"
130,130,2022.12.11 16:46,–î–∂–∞–º–±—É–ª–∞ 19. –ë–∞—Ä–¥–∞–∫ –ø–æ–ª–Ω—ã–π. –ë–∞–∫–∏ –æ—Å—Ç–∞–≤–ª—è—é—Ç –≤–æ –¥–≤–æ—Ä–µ –ø–µ—Ä–µ–¥ –ø–∞—Ä–∞–¥–Ω–æ–π –∏ –Ω–µ –≤—ã–∫–∞–ø—ã–≤–∞—é—Ç.
131,131,2022.12.11 17:37,"–†–∞–¥–∏—â–µ–≤–∞ 5-7!–î–≤–µ—Ä—å –≤ –ø–∞—Ä–∞–¥–Ω—É—é –ø–æ—Å—Ç–æ—è–Ω–Ω–æ –æ—Ç–∫—Ä—ã—Ç–∞,–¥–æ–º–æ—Ñ–æ–Ω —Å–ª–æ–º–∞–Ω.–ù–∞ –∑–∞—è–≤–∫–∏ —É–∂–µ 2 –≥–æ–¥–∞ –Ω–∏–∫—Ç–æ –Ω–µ —Ä–µ–∞–≥–∏—Ä—É–µ—Ç. –ê –≤ –∫–≤–∏—Ç–∞–Ω—Ü–∏–∏ –ø–æ—Å—Ç–æ—è–Ω–Ω–æ –ø–∏—à—É—Ç –æ–ø–ª–∞—Ç–∞ –¥–æ–º–æ—Ñ–æ–Ω–∞.–ú—ã –æ–ø–ª–∞—á–∏–≤–∞–µ–º —Å–æ–¥–µ—Ä–∂–∞–Ω–∏–µ –æ–±—â–µ–¥–æ–º–æ–≤–æ–≥–æ –∏–º—É—â–µ—Å—Ç–≤–∞.  –û–±—Ä–∞—Ç–∏—Ç–µ –≤–Ω–∏–º–∞–Ω–∏–µ –Ω–∞ –∂–∫—Å3."
132,132,2022.12.11 21:11,–õ–æ–º–æ–Ω–æ—Å–æ–≤–∞ 14 —Ç–∞–∫–∞—è –∂–µ –∏—Å—Ç–æ—Ä–∏—è .
133,133,2022.12.12 12:31,"[club143265175|–¶–µ–Ω—Ç—Ä–∞–ª—å–Ω—ã–π —Ä–∞–π–æ–Ω –°–∞–Ω–∫—Ç-–ü–µ—Ç–µ—Ä–±—É—Ä–≥–∞], –ù–µ–≤—Å–∫–∏–π –ø—Ä., 136, –ª–∏—Ç–µ—Ä–∞ –ë"
134,134,2022.12.12 09:47,"–ü–æ—Å—Ç–∞–≤—å—Ç–µ –≤ –≥—Ä–∞—Ñ–∏–∫ –Ω–µ —Ç–æ–ª—å–∫–æ –ø—Ä–æ–≤–µ—Ä–∫—É –≤—ã–∫–∞—Ç–∫–∏ –±–∞–∫–æ–≤, –Ω–æ –∏ –ø—Ä–æ–≤–µ—Ä–∫—É —Å–∞–º–∏—Ö –∫–æ–Ω—Ç–µ–π–Ω–µ—Ä–Ω—ã—Ö –ø–ª–æ—â–∞–¥–æ–∫. –í–æ—Å–∫—Ä–µ—Å–µ–Ω—Å–∫–∞—è 6-8, –±–∞–∫–∏ –ø—Ä–æ—Å—Ç–æ —Å—Ç–æ—è—Ç –Ω–∞ —É–ª–∏—Ü–µ, –ø—Ç–∏—Ü—ã (–≤–æ—Ä–æ–Ω—ã) –≤—Å–µ –≤—ã—Ç–∞—Å–∫–∏–≤–∞—é—Ç –∏ —Ä–∞–∑–±—Ä–∞—Å—ã–≤–∞—é—Ç –≤–æ–∫—Ä—É–≥, –≤–µ—Ç–µ—Ä —Ä–∞–∑–Ω–æ—Å–∏—Ç –º—É—Å–æ—Ä. –ú–û –Ω–µ—Å–∫–æ–ª—å–∫–æ –ª–µ—Ç –æ–±–µ—â–∞–µ—Ç —Å–¥–µ–ª–∞—Ç—å –∫—Ä—ã—Ç—É—é –ø–ª–æ—â–∞–¥–∫—É –±–æ–ª—å—à—É—é, –Ω–æ –≤—Å—ë –æ—Å—Ç–∞—ë—Ç—Å—è –æ–±–µ—â–∞–Ω–∏—è–º–∏. –õ–µ—Ç–æ–º –¥—Ä—É–≥–∞—è –±–µ–¥–∞ - –∏–∑ –º—É—Å–æ—Ä–æ–≤–æ–∑–æ–≤ —Ç–µ—á–µ—Ç –∑–ª–æ–≤–æ–Ω–Ω–∞—è –∂–∏–∂–∞, –∫–æ—Ç–æ—Ä–∞—è –æ—Å—Ç–∞—ë—Ç—Å—è –ª—É–∂–∞–º–∏ –≤ —Ü–µ–Ω—Ç—Ä–µ –¥–≤–æ—Ä–∞ –ø–æ—Å–ª–µ –º—É—Å–æ—Ä–æ–≤–æ–∑–æ–≤."
135,135,2022.12.12 12:55,"–î–æ—Å—Ç–æ–µ–≤—Å–∫–æ–≥–æ, 2/5. –ú—É—Å–æ—Ä–Ω—ã–µ –±–∞–∫–∏ (4 —à—Ç.) –∏ —Å–µ—Ç–∫–∏ –¥–ª—è –ø–ª–∞—Å—Ç–∏–∫–∞ (2 —à—Ç) —Å—Ç–æ—è—Ç –ø—Ä—è–º–æ –ø–æ–¥ –∞—Ä–∫–æ–π –∂–∏–ª–æ–≥–æ –¥–æ–º–∞ –Ω–∞ —Å–æ–≤–µ—Ä—à–µ–Ω–Ω–æ –≥–µ –æ–±–æ—Ä—É–¥–æ–≤–∞–Ω–Ω–æ–π –ø–ª–æ—â–∞–¥–∫–µ (–Ω–µ—Ç –¥–∞–∂–µ –∫–∞–Ω–∞–ª–∏–∑–∞—Ü–∏–æ–Ω–Ω–æ–≥–æ –ª—é–∫–∞ –¥–ª—è —Å—Ç–æ–∫–∞ –∏–Ω—Ñ–∏–ª—å—Ç—Ä–∞—Ç–∞ –∏ –ø–æ–º—ã–≤–∫–∏ —Ç–µ—Ä—Ä–∏—Ç–æ—Ä–∏–∏). –ú—É—Å–æ—Ä —Ä–µ–≥—É–ª—è—Ä–Ω–æ –≥–æ—Ä–∏—Ç: –ø–æ—Ç–æ–ª–æ–∫ –∏ —Å—Ç–µ–Ω—ã –∞—Ä–∫–∏ –≤ –∫–æ–ø–æ—Ç–∏. –ú—É—Å–æ—Ä —Å–æ–±–∏—Ä–∞–µ—Ç—Å—è —Å–æ –≤—Å–µ—Ö –æ–∫—Ä–µ—Å—Ç–Ω—ã—Ö –¥–æ–º–æ–≤ –ø—Ä—è–º–æ –ø–æ–¥ –æ–∫–Ω–∞ –∂–∏–ª—ã—Ö –∫–≤–∞—Ä—Ç–∏—Ä. –ü–æ–∂–∞—Ä–Ω—ã–π –ø—Ä–æ–µ–∑–¥ –ø–µ—Ä–µ–∫—Ä—ã—Ç. –ú—É—Ö–∏ –∏ –∫—Ä—ã—Å—ã –≤ –±–æ–ª—å—à–∏—Ö –∫–æ–ª–∏—á–µ—Å—Ç–≤–∞—Ö. –ù–∞ –∂–∞–ª–æ–±—ã –£–ö –∏ –∞–¥–º–∏–Ω–∏—Å—Ç—Ä–∞—Ü–∏—è —Ä–∞–π–æ–Ω–∞ –Ω–µ —Ä–µ–∞–≥–∏—Ä—É–µ—Ç"
136,136,2022.12.11 20:19,"–°–æ–±—Å—Ç–≤–µ–Ω–Ω–∏–∫ –ø–æ–ª—É—á–∏–ª –¥–≤–∞ –ø—Ä–µ–¥–ø–∏—Å–∞–Ω–∏—è. –ó–∞—Ç–µ–º –ø—Ä–∏–≤–µ–ª —Å—Ç–µ–∫–ª–∞ –≤ –ø–æ—Ä—è–¥–æ–∫. –†–∞—Å—Å–º–æ—Ç—Ä–µ–≤ –í–∞—à–µ —Å–æ–æ–±—â–µ–Ω–∏–µ ‚Ññ 177255074 –æ—Ç 29.11.2022, –∏–Ω—Ñ–æ—Ä–º–∏—Ä—É–µ–º –æ —Å–ª–µ–¥—É—é—â–µ–º. –ü–æ –∏–Ω—Ñ–æ—Ä–º–∞—Ü–∏–∏, –ø—Ä–µ–¥–æ—Å—Ç–∞–≤–ª–µ–Ω–Ω–æ–π –û–û–û ¬´–ñ–∏–ª–∫–æ–º—Å–µ—Ä–≤–∏—Å ‚Ññ2 –¶–µ–Ω—Ç—Ä–∞–ª—å–Ω–æ–≥–æ —Ä–∞–π–æ–Ω–∞¬ª,¬†–ø–æ –∞–¥—Ä–µ—Å—É: –†–∞–∑—ä–µ–∑–∂–∞—è —É–ª–∏—Ü–∞, –¥–æ–º 42/34, –°–æ–±—Å—Ç–≤–µ–Ω–Ω–∏–∫—É –Ω–µ–∂–∏–ª–æ–≥–æ –ø–æ–º–µ—â–µ–Ω–∏—è –§–ì–£–ü ¬´–ü–æ—á—Ç–∞ –†–æ—Å—Å–∏–∏¬ª –Ω–∞–ø—Ä–∞–≤–ª–µ–Ω–æ —É–≤–µ–¥–æ–º–ª–µ–Ω–∏–µ –æ—Ç 14.11.2022 –≥–æ–¥–∞ ¬†–æ –Ω–∞–ª–∏—á–∏–∏ –≥—Ä–∞—Ñ—Ñ–∏—Ç–∏ –Ω–∞ –≤–∏—Ç—Ä–∏–Ω–Ω—ã—Ö —Å—Ç–µ–∫–ª–∞—Ö. –í –Ω–∞—Å—Ç–æ—è—â–µ–µ –≤—Ä–µ–º—è ¬†–Ω–µ—Å–∞–Ω–∫—Ü–∏–æ–Ω–∏—Ä–æ–≤–∞–Ω–Ω—ã–µ –Ω–∞–¥–ø–∏—Å–∏ —É—Å—Ç—Ä–∞–Ω–µ–Ω—ã. –ù–∞ –≤–∏—Ç—Ä–∏–Ω–Ω—ã—Ö —Å—Ç–µ–∫–ª–∞—Ö –æ—Å—Ç–∞–ª—Å—è –∫–∏—Å–ª–æ—Ç–Ω—ã–π —Å–ª–µ–¥ –æ—Ç –∫—Ä–∞—Å–∫–∏, –∫–æ—Ç–æ—Ä–∞—è –ø—Ä–∏–º–µ–Ω–µ–Ω–∞ –ø—Ä–∏ –Ω–∞–Ω–µ—Å–µ–Ω–∏–∏ –≥—Ä–∞—Ñ—Ñ–∏—Ç–∏. –°–æ–±—Å—Ç–≤–µ–Ω–Ω–∏–∫—É –ø–æ–º–µ—â–µ–Ω–∏—è 2-–ù —Ä–µ–∫–æ–º–µ–Ω–¥–æ–≤–∞–Ω–æ —É–¥–∞–ª–∏—Ç—å —Å–ª–µ–¥ –æ—Ç –≥—Ä–∞—Ñ—Ñ–∏—Ç–∏ –ø—É—Ç–µ–º –¥–æ—Ä–æ–≥–æ—Å—Ç–æ—è—â–µ–≥–æ –æ–±–æ—Ä—É–¥–æ–≤–∞–Ω–∏—è –¥–ª—è —à–ª–∏—Ñ–æ–≤–∫–∏ —Å—Ç–µ–∫–ª–∞. –ë–æ–ª–µ–µ –ø–æ–¥—Ä–æ–±–Ω—É—é –∏–Ω—Ñ–æ—Ä–º–∞—Ü–∏—é –í—ã –º–æ–∂–µ—Ç–µ —É—Ç–æ—á–Ω–∏—Ç—å, –≤ —ç–∫—Å–ø–ª—É–∞—Ç–∞—Ü–∏–æ–Ω–Ω–æ–º —É—á–∞—Å—Ç–∫–µ ‚Ññ3 –ø–æ –∞–¥—Ä–µ—Å—É: –°–≤–µ—á–Ω–æ–π –ø–µ—Ä–µ—É–ª–æ–∫,¬† –¥–æ–º 2/12, —Ç–µ–ª–µ—Ñ–æ–Ω 318-09-07, –¥–æ–±–∞–≤–æ—á–Ω—ã–π 0500."
137,137,2022.12.10 20:07,–ö–æ–≥–¥–∞ —É –Ω–∞—Å –±—É–¥–µ—Ç —á–∏—Å—Ç–∫–∞ –∏ —É–±–æ—Ä–∫–∞ –Ω–∞ —É–ª–∏—Ü–µ –ß–µ—Ä–Ω—è—Ö–æ–≤—Å–∫–æ–≥–æ –¥–æ–º 13 –≤–æ –¥–≤–æ—Ä–µ?
138,138,2022.12.10 20:42,–î–æ—Å—Ç–æ–µ–≤—Å–∫–æ–≥–æ 5
139,139,2022.12.12 21:50,–ú–∞—Ä–∞—Ç–∞ 14 —Å–Ω–µ–≥
140,140,2022.12.12 21:50,–ú–∞—Ä–∞—Ç–∞ 18 –≥–æ—Ä–∞ –º—É—Å–æ—Ä–∞
141,141,2022.12.10 22:07,"–õ–∏–≥–æ–≤—Å–∫–∏–π 44 –∏ –°–∞–Ω- –ì–∞–ª–ª–∏ –¥–µ–π—Å—Ç–≤–∏—Ç–µ–ª—å–Ω–æ —É–±—Ä–∞–Ω—ã, –æ–≥—Ä–æ–º–Ω–æ–µ —Å–ø–∞—Å–∏–±–æ üôè"
142,142,2022.12.10 22:28,"–°–∞–ø–µ—Ä–Ω—ã–π, –ë–∞—Å–∫–æ–≤, —É–ª. –ù–µ–∫—Ä–∞—Å–æ–≤–∞, –í–æ—Å—Å—Ç–∞–Ω–∏—è –≤—Å–µ –≤ –ª–µ–¥—è–Ω—ã—Ö –Ω–∞—Ä–æ—Å—Ç–∞—Ö!!! –•–æ–¥–∏—Ç—å –Ω–µ –≤–æ–∑–º–æ–∂–Ω–æ!!!!!"
143,143,2022.12.12 16:42,"–ö—É–∑–Ω–µ—á–Ω—ã–π –ø–µ—Ä–µ—É–ª–æ–∫ –¥–æ–º 10, –≤–æ –¥–≤–æ—Ä–µ –Ω–∏ –∑–∏–º–æ–π –Ω–∏ –ª–µ—Ç–æ–º –Ω–µ —É–±–∏—Ä–∞—é—Ç –≤–æ–æ–±—â–µ!!! –°–µ–π—á–∞—Å –¥–≤–µ—Ä—å –≤ –ø–æ–¥—ä–µ–∑–¥ –Ω–µ –∑–∞–∫—Ä—ã–≤–∞–µ—Ç—Å—è, –≤—Å–µ –∑–∞–≤–∞–ª–µ–Ω–æ —Å–Ω–µ–≥–æ–º!"
144,144,2022.12.09 19:52,"–ê –º–æ–∂–Ω–æ, –ø–æ–∫–∞ –Ω–µ–∏–∑–≤–µ—Å—Ç–Ω–∞—è ""–°–µ–≤–µ—Ä–Ω–∞—è —Å—Ç–æ–ª–∏—Ü–∞"" –ø–µ—Ä–µ—Ö–æ–¥–∏—Ç –Ω–∞ –Ω–æ–≤—É—é —Å–∏—Å—Ç–µ–º—É —É–±–æ—Ä–∫–∏, –∏—Å–ø–æ–ª—å–∑–æ–≤–∞—Ç—å –µ—ë —Å–ø–µ—Ü–∏–∞–ª–∏—Å—Ç–æ–≤ –¥–ª—è —É–±–æ—Ä–∫–∏ –°–∞–Ω–∫—Ç-–ü–µ—Ç–µ—Ä–±—É—Ä–≥–∞? –ê —Ç–æ —É –Ω–∞—Å –≤ –≥–æ—Ä–æ–¥–µ —è–≤–Ω–æ –Ω–µ —Ö–≤–∞—Ç–∞–µ—Ç –Ω–∏ –ª—é–¥–µ–π, –Ω–∏ —Ç–µ—Ö–Ω–∏–∫–∏ –¥–ª—è —É–±–æ—Ä–∫–∏.  –ó–∞ –Ω–µ–¥–µ–ª—é —É–ª–∏—Ü—ã –î–Ω–µ–ø—Ä–æ–ø–µ—Ç—Ä–æ–≤—Å–∫—É—é, –ß–µ—Ä–Ω—è—Ö–æ–≤—Å–∫–æ–≥–æ, –†–æ–º–µ–Ω—Å–∫—É—é, –¢—Ä–∞–Ω—Å–ø–æ—Ä—Ç–Ω—ã–π –ø–µ—Ä–µ—É–ª–æ–∫ –Ω–µ —á–∏—Å—Ç–∏–ª–∏ –Ω–∏ —Ä–∞–∑—É. –û–≥—Ä–æ–º–Ω—ã–π –¥–≤–æ—Ä: –î–Ω–µ–ø—Ä–æ–ø–µ—Ç—Ä–æ–≤—Å–∫–∞—è, 3-5, –¢—Ä–∞–Ω—Å–ø–æ—Ä—Ç–Ω—ã–π, 7-13 - –Ω–µ —á–∏—Å—Ç–∏–ª–∏ –Ω–∏ —Ä–∞–∑—É.  –ü–æ–∫–∞ –ø–∏—Å–∞–ª —Å–æ–æ–±—â–µ–Ω–∏–µ, –∫—Ç–æ-—Ç–æ –∏–∑ —Å–æ—Å–µ–¥–µ–π –¥–æ–∑–≤–æ–Ω–∏–ª—Å—è –≤ ""–û—Ç–∫—Ä—ã—Ç—É—é —Å—Ç—É–¥–∏—é"" 78-–≥–æ –∫–∞–Ω–∞–ª–∞. –û–∑–≤—É—á–∏–ª–∞ —Ç—É –∂–µ –ø—Ä–æ–±–ª–µ–º—É. –ß–∏–Ω–æ–≤–Ω–∏–∫ –ö–æ–º–ë–ª–∞–≥–∞ –Ω–∞–≥–æ–≤–æ—Ä–∏–ª –º–Ω–æ–≥–æ –±—É–∫–æ–≤, –Ω–æ –¥–∞–∂–µ –Ω–µ –ø–æ–æ–±–µ—â–∞–ª, —á—Ç–æ —É–ª–∏—Ü—ã –∏ –¥–≤–æ—Ä—ã –±—É–¥—É—Ç —É–±—Ä–∞–Ω—ã –Ω–µ–º–µ–¥–ª–µ–Ω–Ω–æ. –ó–∞—Ç–æ —Ä–∞—Å—Å–∫–∞–∑–∞–ª, —á—Ç–æ ""—Ç–∞–∫–æ–≥–æ –±—ã—Ç—å –Ω–µ –¥–æ–ª–∂–Ω–æ"", –∏ —á—Ç–æ –æ–Ω–∏ ""–ø–æ—Å—Ç–æ—è–Ω–Ω–æ –≥–æ–≤–æ—Ä—è—Ç –æ–± —ç—Ç–æ–º"".  –ö–æ–≥–¥–∞ –≤—ã –ø–µ—Ä–µ—Å—Ç–∞–Ω–µ—Ç–µ ""–≥–æ–≤–æ—Ä–∏—Ç—å"", –∏ –Ω–∞—á–Ω—ë—Ç–µ —á—Ç–æ-—Ç–æ –¥–µ–ª–∞—Ç—å? –û–ø—è—Ç—å –∑–∏–º–∞ –∑–∏–º–æ–π –ø—Ä–∏—à–ª–∞ –≤–Ω–µ–∑–∞–ø–Ω–æ?"
145,145,2022.12.09 19:42,"–ò–∑–≤–∏–Ω–∏—Ç–µ, –∞ —Å–ø–µ—Ü–∏–∞–ª–∏—Å—Ç—ã —Ä—É—á–Ω–æ–≥–æ —Ç—Ä—É–¥–∞ –Ω–∞–¥–æ–ª–≥–æ –≤—ã—à–ª–∏, –∏ –∫—É–¥–∞? –ö–æ–≥–¥–∞ –≤–µ—Ä–Ω—É—Ç—Å—è? –¢–µ—Ö–Ω–∏–∫—É –æ–Ω–∏ —Å —Å–æ–±–æ–π –∑–∞–±—Ä–∞–ª–∏? –ì–¥–µ —á—É–¥–æ—É–±–æ—Ä–æ—á–Ω–∞—è —Ç–µ—Ö–Ω–∏–∫–∞, –∫–æ—Ç–æ—Ä–∞—è —á–∏—Å—Ç–∏—Ç —É–ª–∏—Ü—ã –¥–Ω—ë–º –∏ –Ω–æ—á—å—é? –°–º–æ–ª—å–Ω—ã–π –∏ –ú–∞—Ä–∏–∏–Ω—Å–∫–∏–π —á–∏—Å—Ç–∏—Ç? –ó–∞ –Ω–µ–¥–µ–ª—é —É–ª–∏—Ü—ã –î–Ω–µ–ø—Ä–æ–ø–µ—Ç—Ä–æ–≤—Å–∫—É—é, –ß–µ—Ä–Ω—è—Ö–æ–≤—Å–∫–æ–≥–æ, –†–æ–º–µ–Ω—Å–∫—É—é, –¢—Ä–∞–Ω—Å–ø–æ—Ä—Ç–Ω—ã–π –ø–µ—Ä–µ—É–ª–æ–∫ –Ω–µ —á–∏—Å—Ç–∏–ª–∏ –Ω–∏ —Ä–∞–∑—É. –û–≥—Ä–æ–º–Ω—ã–π –¥–≤–æ—Ä: –î–Ω–µ–ø—Ä–æ–ø–µ—Ç—Ä–æ–≤—Å–∫–∞—è, 3-5, –¢—Ä–∞–Ω—Å–ø–æ—Ä—Ç–Ω—ã–π, 7-13 - –Ω–µ —á–∏—Å—Ç–∏–ª–∏ –Ω–∏ —Ä–∞–∑—É.  –ü–æ–∫–∞ –ø–∏—Å–∞–ª —Å–æ–æ–±—â–µ–Ω–∏–µ, –∫—Ç–æ-—Ç–æ –∏–∑ —Å–æ—Å–µ–¥–µ–π –¥–æ–∑–≤–æ–Ω–∏–ª—Å—è –≤ ""–û—Ç–∫—Ä—ã—Ç—É—é —Å—Ç—É–¥–∏—é"" 78-–≥–æ –∫–∞–Ω–∞–ª–∞. –û–∑–≤—É—á–∏–ª–∞ —Ç—É –∂–µ –ø—Ä–æ–±–ª–µ–º—É. –ß–∏–Ω–æ–≤–Ω–∏–∫ –ö–æ–º–ë–ª–∞–≥–∞ –Ω–∞–≥–æ–≤–æ—Ä–∏–ª –º–Ω–æ–≥–æ –±—É–∫–æ–≤, –Ω–æ –¥–∞–∂–µ –Ω–µ –ø–æ–æ–±–µ—â–∞–ª, —á—Ç–æ —É–ª–∏—Ü—ã –∏ –¥–≤–æ—Ä—ã –±—É–¥—É—Ç —É–±—Ä–∞–Ω—ã –Ω–µ–º–µ–¥–ª–µ–Ω–Ω–æ. –ó–∞—Ç–æ —Ä–∞—Å—Å–∫–∞–∑–∞–ª, —á—Ç–æ ""—Ç–∞–∫–æ–≥–æ –±—ã—Ç—å –Ω–µ –¥–æ–ª–∂–Ω–æ"", –∏ —á—Ç–æ –æ–Ω–∏ ""–ø–æ—Å—Ç–æ—è–Ω–Ω–æ –≥–æ–≤–æ—Ä—è—Ç –æ–± —ç—Ç–æ–º"".  –ö–æ–≥–¥–∞ –≤—ã –ø–µ—Ä–µ—Å—Ç–∞–Ω–µ—Ç–µ ""–≥–æ–≤–æ—Ä–∏—Ç—å"", –∏ –Ω–∞—á–Ω—ë—Ç–µ —á—Ç–æ-—Ç–æ –¥–µ–ª–∞—Ç—å? –û–ø—è—Ç—å –∑–∏–º–∞ –∑–∏–º–æ–π –ø—Ä–∏—à–ª–∞ –≤–Ω–µ–∑–∞–ø–Ω–æ?"
146,146,2022.12.12 22:45,"–ñ–ö–° 1, –¥–∞–∂–µ —Å–≤–æ–π –¥–≤–æ—Ä –Ω–µ –≤ —Å–æ—Å—Ç–æ—è–Ω–∏–∏ –Ω–æ—Ä–º–∞–ª—å–Ω–æ –ø–æ—á–∏—Å—Ç–∏—Ç—å. ( –ø–µ—Ä–≤–æ–µ —Ñ–æ—Ç–æ –ö–∏—Ä–æ—á–Ω–∞—è 14)"
147,147,2022.12.10 17:42,"[club143265175|–¶–µ–Ω—Ç—Ä–∞–ª—å–Ω—ã–π —Ä–∞–π–æ–Ω –°–∞–Ω–∫—Ç-–ü–µ—Ç–µ—Ä–±—É—Ä–≥–∞],  –ó–¥—Ä–∞–≤—Å—Ç–≤—É–π—Ç–µ.  –ù–µ–≤—Å–∫–∏–π, 95, 3-—è –ø–∞—Ä–∞–¥–Ω–∞—è."
148,148,2022.12.07 17:53,"[club143265175|–¶–µ–Ω—Ç—Ä–∞–ª—å–Ω—ã–π —Ä–∞–π–æ–Ω –°–∞–Ω–∫—Ç-–ü–µ—Ç–µ—Ä–±—É—Ä–≥–∞], –ß–µ—Ä–Ω—è—Ö–æ–≤—Å–∫–æ–≥–æ 16"
149,149,2022.12.07 10:00,–ì–¥–µ —Å–Ω–æ–≤–∞ –º–∞—à–∏–Ω–∞ –ø–æ —É–±–æ—Ä–∫–µ –º—É—Å–æ—Ä–∞ –ü—É—à–∫–∏–Ω—Å–∫–∞—è 20?! –°—Ç–æ–∏—Ç –≥—Ä—è–∑—å –∫–∞–∫ –æ–±—ã—á–Ω–æ —Å –ø—è—Ç–Ω–∏—Ü—ã
150,150,2022.12.07 10:03,"–ö—É–∑–Ω–µ—á–Ω—ã–π –ø–µ—Ä–µ—É–ª–æ–∫ –º–µ—à–∫–∏ —Å –º—É—Å–æ—Ä–æ–º –ª–µ–∂–∞—Ç –≤–µ—Å—å –Ω–æ—è–±—Ä—å –∏ —É–∂–µ –°–µ—Ä–µ–¥–∏–Ω–∞ –¥–µ–∫–∞–±—Ä—è . –î–≤–æ—Ä–Ω–∏–∫–∏ –Ω–µ —É–±–∏—Ä–∞—é—Ç . –°–∞–º–∞—è —Ö—É–¥—à–∞—è –∂–∫—Å , –Ω–µ –∫–æ–Ω—Ç—Ä–æ–ª–∏—Ä—É—é—â–∞—è –Ω–∏—á–µ–≥–æ –≤ —Å–≤–æ—ë–º –≤–µ–¥–æ–º—Å—Ç–≤–µ"
151,151,2022.12.07 10:04,–ü—Ä–æ—à—É –æ—á–∏—Å—Ç–∏—Ç—å –∫—É–∑–Ω–µ—á–Ω—ã–π –ø–µ—Ä–µ—É–ª–æ–∫ –∏ –õ–∏–≥–æ–≤—Å–∫–∏–π –ø—Ä–æ—Å–ø–µ–∫—Ç –¥–æ —Å—Ç–∞–Ω—Ü–∏–∏ –º–µ—Ç—Ä–æ –Ω–µ—á–µ—Ç–Ω–∞—è —Å—Ç–æ—Ä–æ–Ω–∞
152,152,2022.12.07 10:12,–í–µ—Å—å –õ–∏–≥–æ–≤—Å–∫–∏–π –Ω–µ—á–µ—Ç–Ω–∞—è —Å—Ç–æ—Ä–æ–Ω–∞ –¥–æ –º–µ—Ç—Ä–æ –õ–∏–≥–æ–≤—Å–∫–∏–π –ø—Ä–æ—Å–ø–µ–∫—Ç –æ—Ç –≤–æ—Å—Å—Ç–∞–Ω–∏—è —Å–¥–µ–ª–∞–π—Ç–µ –∏–Ω—Å–ø–µ–∫—Ü–∏—é –∏ —Ö–æ—Ç—å –∫ –∫–æ–Ω—Ü—É –≥–æ–¥–∞ –ø—Ä–∏–≤–µ–¥–∏—Ç–µ –≤ –ø–æ—Ä—è–¥–æ–∫
153,153,2022.12.06 18:42,"[id21853421|–ò—Ä–∏–Ω–∞], –ú—ã—Ç–Ω–∏–Ω—Å–∫–∞—è 13- –≥–ª–∞–≤–Ω—ã–π –æ—Ñ–∏—Å"
154,154,2022.12.05 07:57,2 —Å–Ω–µ–∂–Ω—ã—Ö –¥–Ω—è... –û–ø—è—Ç—å –Ω–∏ –¥–≤–æ—Ä–Ω–∏–∫–æ–≤ –Ω–∏ –º–µ—Ö–∞–Ω–∏–∑–∏—Ä–æ–≤–∞–Ω–Ω–æ–π —É–±–æ—Ä–∫–∏ –≤–æ –¥–≤–æ—Ä–µ. –†—É–±–∏–Ω—à—Ç–µ–π–Ω–∞ 3.
155,155,2022.12.03 18:32,"–ê –ª–∏—Å—Ç–æ–≤–∫–∏ –±–æ—Ä–¥–µ–ª–µ–π –Ω–∞ —É–ª–∏—Ü–∞—Ö –í–æ—Å—Å—Ç–∞–Ω–∏—è, –ù–µ–∫—Ä–∞—Å–æ–≤–∞, –ñ—É–∫–æ–≤—Å–∫–æ–≥–æ –∏ –ù–µ–≤—Å–∫–æ–º –≤ —Ä–∞–π–æ–Ω–µ –≤–æ–∫–∑–∞–ª–∞ –Ω–µ —É–≤–∏–¥–µ–ª–∏?"
156,156,2022.12.03 22:20,"–¢–æ—Ä–∂–µ—Å—Ç–≤–µ–Ω–Ω–æ –ø—Ä–∏–≥–ª–∞—à–∞–µ–º –≤–æ –¥–≤–æ—Ä –ø–æ —É–ª–∏—Ü–µ –†–∞–¥–∏—â–µ–≤–∞ 5-7! –í—Å–µ –∑–∞–≤–∞–ª–µ–Ω–æ –º—É—Å–æ—Ä–æ–º,—Ç–æ–ª–ø—ã –∫—Ä—ã—Å,–ø—Ä–æ—Ö–æ–¥ –¥–ª—è —Å–∫–æ—Ä–æ–π,–º—á—Å –∑–∞–±–ª–æ–∫–∏—Ä–æ–≤–∞–ª–∞ –∫–æ–º–ø–∞–Ω–∏—è –†–æ—Å—Å–µ—Ç–∏, —Ä–∞–±–æ—Ç–∞ –Ω–µ –≤–µ–¥—ë—Ç—Å—è 2–µ —Å—É—Ç–æ–∫,—Ä–∞–±–æ—á–∏—Ö –Ω–∞ –æ–±—ä–µ–∫—Ç–µ –Ω–µ—Ç."
157,157,2022.12.03 12:24,"–°–∫–∞–∂–∏—Ç–µ –ø–æ–∂–∞–ª—É–π—Å—Ç–∞, –∫–æ–≥–¥–∞ –µ—â–µ –±—É–¥–µ—Ç —Ç–∞–∫–∞—è –ø—Ä–æ–≤–µ—Ä–∫–∞? –í—Ç–æ—Ä–æ–π –≥–æ–¥ –ø–∏—à–µ–º –∂–∞–ª–æ–±—ã –Ω–∞ –æ—Ç—Å—É—Ç—Å—Ç–≤–∏–µ –æ—Ç–æ–ø–ª–µ–Ω–∏—è –≤ 10 –ø–∞—Ä–∞–¥–Ω–æ–π –ø–æ –∞–¥—Ä–µ—Å—É –¢–≤–µ—Ä—Å–∫–∞—è 20. –í—Ç–æ—Ä–æ–π –≥–æ–¥ (!!!) –ñ–ö–°3 –Ω–∞ –≥–æ—Å—É–¥–∞—Ä—Å—Ç–≤–µ–Ω–Ω—ã—Ö —Å–∞–π—Ç–∞—Ö –ø–∏—à–µ—Ç –ª–æ–∂–Ω—ã–µ –æ—Ç–≤–µ—Ç—ã –ø—Ä–∏–∫–ª–∞–¥—ã–≤–∞—è –ø–æ–¥–¥–µ–ª—å–Ω—ã–µ –∞–∫—Ç—ã, —Ñ–æ—Ç–æ –Ω–∏–∂–µ. –ü–∏—à—É—Ç –≤—Å–µ –∂–∏—Ç–µ–ª–∏ –ø–∞—Ä–∞–¥–Ω–æ–π –≤—Ç–æ—Ä–æ–π –≥–æ–¥, –∑–≤–æ–Ω–∏–º –≤ –∞–≤–∞—Ä–∏–π–Ω—É—é —Å–ª—É–∂–±—É, –∏ –∫–∞–∂–¥—ã–π —Ä–∞–∑ –ñ–ö–°3 –ø–æ–¥–¥–µ–ª—ã–≤–∞–µ—Ç –¥–æ–∫—É–º–µ–Ω—Ç—ã –Ω–µ –±–æ—è—Å—å –Ω–∏–∫–∞–∫–∏—Ö –∑–∞–∫–æ–Ω–æ–≤ –Ω–∞—à–µ–≥–æ –≥–æ—Å—É–¥–∞—Ä—Å—Ç–≤–∞. –ü–æ—Å–ª–µ–¥–Ω–∏–π  —Ä–∞–∑ —ç—Ç–æ –±—ã–ª–æ —Ç—Ä–∏ –¥–Ω—è –Ω–∞–∑–∞–¥, –∑–∞—è–≤–∫–∞ –Ω–∞ —Å–∞–π—Ç–µ 4720232, –æ–Ω–∏ –≤–Ω–æ–≤—å —Å–æ–æ–±—â–∏–ª–∏ —á—Ç–æ –≤ –ø–∞—Ä–∞–¥–Ω–æ–π +16, –ø—Ä–∏–ª–æ–∂–∏–ª–∏ –ø–æ–¥–¥–µ–ª—å–Ω—ã–π –∞–∫—Ç, —Ö–æ—Ç—è –æ—Ç–æ–ø–ª–µ–Ω–∏—è –≤ –ø–∞—Ä–∞–¥–Ω–æ–π –∫–∞–∫ –Ω–µ –±—ã–ª–æ —Ç–∞–∫ –∏ –Ω–µ—Ç –í–¢–û–†–û–ô –ì–û–î!!! –ë–∞—Ç–∞—Ä–µ–∏ –ª–µ–¥—è–Ω—ã–µ! –ú–µ—Ä–∑–Ω—É—Ç –ø–æ–∂–∏–ª—ã–µ –ª—é–¥–∏, –¥–µ—Ç–∏, –∏–∑-–∑–∞ –ø—Ä–æ–º–µ—Ä–∑—à–µ–π –ø–∞—Ä–∞–¥–Ω–æ–π —Ö–æ–ª–æ–¥–Ω–æ –∏ –≤ –∫–≤–∞—Ä—Ç–∏—Ä–∞—Ö. –°–µ–π—á–∞—Å —Ä–µ—à–∏–ª–∏ –ø–∏—Å–∞—Ç—å –∫–æ–ª–ª–µ–∫—Ç–∏–≤–Ω—É—é –∂–∞–ª–æ–±—É –≤ –ü—Ä–æ–∫—É—Ä–∞—Ç—É—Ä—É –∏ –†–æ—Å–ø–æ—Ç—Ä–µ–±–Ω–∞–¥–∑–æ—Ä, –ñ–∏–ª–∏—â–Ω—É—é –∏–Ω—Å–ø–µ–∫—Ü–∏—é, –≤ –ø—Ä–∏–µ–º–Ω—É—é –ø—Ä–µ–∑–∏–¥–µ–Ω—Ç–∞ –∏ –°–ú–ò –æ–± —ç—Ç–∏—Ö —Ñ–∞–∫—Ç–∞—Ö –º–æ—à–µ–Ω–Ω–∏—á–µ—Å—Ç–≤–∞ –∏ –æ–±–º–∞–Ω–∞ –ñ–ö–°3, —Ç–µ–ø–µ—Ä—å  –Ω–∞–º —É–∂–µ –∞–±—Å–æ–ª—é—Ç–Ω–æ —è—Å–Ω–æ, —á—Ç–æ —ç—Ç–æ —Å–æ–∑–Ω–∞—Ç–µ–ª—å–Ω–∞—è –∏ –ø–æ—Å–ª–µ–¥–æ–≤–∞—Ç–µ–ª—å–Ω–∞—è –¥–∏—Å–∫—Ä–µ–¥–∏—Ç–∞—Ü–∏—è –Ω–∞—à–µ–π –≤–ª–∞—Å—Ç–∏ –ø—É—Ç—ë–º —Å—Ä—ã–≤–∞ –æ—Ç–æ–ø–∏—Ç–µ–ª—å–Ω–æ–≥–æ —Å–µ–∑–æ–Ω–∞, –¥–µ–º–æ–Ω—Å—Ç—Ä–∞—Ç–∏–≤–Ω–æ–≥–æ –æ–±–º–∞–Ω–∞ –Ω–∞–¥–∑–æ—Ä–Ω—ã—Ö –æ—Ä–≥–∞–Ω–æ–≤ –∏ —Å–ø–µ—Ü–∏–∞–ª—å–Ω–æ–µ —Å–æ–∑–¥–∞–Ω–∏–µ –Ω–∞–ø—Ä—è–∂–µ–Ω–Ω–æ–π —Å–æ—Ü–∏–∞–ª—å–Ω–æ–π –æ–±—Å—Ç–∞–Ω–æ–≤–∫–∏ –≤ —Ç–∞–∫–æ–µ –Ω–µ–ø—Ä–æ—Å—Ç–æ–µ –¥–ª—è –Ω–∞—à–µ–π —Å—Ç—Ä–∞–Ω—ã –≤—Ä–µ–º—è. –î–æ–º –Ω–∞—Ö–æ–¥–∏—Ç—Å—è –≤ 200 –º–µ—Ç—Ä–∞—Ö –æ—Ç –°–º–æ–ª—å–Ω–æ–≥–æ."
158,158,2022.12.03 13:02,"–ê –º—ã 11–π –≥–æ–¥ –ø–∏—à–µ–º –æ —Ç—Ä–µ—â–∏–Ω–µ —Ñ–∞—Å–∞–¥–∞ –≤–æ –≤—Å–µ –∏–Ω—Å—Ç–∞–Ω—Ü–∏–∏, –∏ —Å–ø–ª–æ—à–Ω—ã–µ –æ—Ç–ø–∏—Å–∫–∏ –∏ –æ—Ç –∂–∫—Å3, –∏ –æ—Ç –ì–£–ñ–ê, –∏ –æ—Ç –∞–¥–º–∏–Ω–∏—Å—Ç—Ä–∞—Ü–∏–∏ —Ü–µ–Ω—Ç—Ä–∞–ª—å–Ω–æ–≥–æ —Ä-–Ω–∞, –∏ –æ—Ç –ñ–ö. –•–µ—Ä—Å–æ–Ω—Å–∫–∞—è 5/7 –ª–∏—Ç–µ—Ä–∞ –ê."
159,159,2022.12.05 14:09,"[id55116208|–ê–Ω–Ω–∞ –ë–æ–≥–∞—á–µ–≤–∞], –∑–¥—Ä–∞–≤—Å—Ç–≤—É–π—Ç–µ! –ü–æ –∞–¥—Ä–µ—Å—É: –¢–≤–µ—Ä—Å–∫–∞—è —É–ª., –¥.20 (–ø–∞—Ä–∞–¥–Ω–∞—è 10) —Ü–µ–Ω—Ç—Ä–∞–ª—å–Ω–æ–µ –æ—Ç–æ–ø–ª–µ–Ω–∏–µ –≤–æ—Å—Å—Ç–∞–Ω–æ–≤–ª–µ–Ω–æ, —Ç–µ–ø–ª–æ—Å–Ω–∞–±–∂–µ–Ω–∏–µ –∏–º–µ–µ—Ç—Å—è –≤ –ø–æ–ª–Ω–æ–º –æ–±—ä—ë–º–µ. –ü—Ä–∏–Ω–æ—Å–∏–º –∏–∑–≤–∏–Ω–µ–Ω–∏—è –∑–∞ –ø—Ä–µ–¥–æ—Å—Ç–∞–≤–ª–µ–Ω–Ω—ã–µ –Ω–µ—É–¥–æ–±—Å—Ç–≤–∞."
160,160,2022.12.07 10:27,"–õ–∏–≥–æ–≤—Å–∫–∏–π –ø—Ä–æ—Å–ø–µ–∫—Ç / –ö—É—Ä—Å–∫–∞—è —É–ª–∏—Ü–∞ –ø–µ—Ä–µ–∫—Ä—ë—Å—Ç–æ–∫ . –£–±—Ä–∞–ª–∏ —Ñ—Ä—É–∫—Ç–æ–≤—É—é –∫–∏–±–∏—Ç–∫—É . –°–Ω–æ–≤–∞ —É—Å—Ç–∞–Ω–æ–≤–∏–ª–∏ –¥–µ—Ä–µ–≤—è–Ω–Ω—ã–µ —Å—Ç–æ–ª—ã –∏ —Ç–æ—Ä–≥—É—é —Å–ª–∏–≤–æ—á–Ω—ã–º –º–∞—Å–ª–æ–º , –∫—Ä–∞—Å–Ω–æ–π –∏–∫—Ä–æ–π –≤ –∂–µ—Å—Ç—è–Ω—ã—Ö –±–∞–Ω–∫–∞—Ö , —Å–æ–ª–µ–Ω—å—è –≤–∞—Ä–µ–Ω—å—è , —Ö—É—Ä–º–∞ . –ú–∏–º–æ –µ–∑–¥–∏—Ç –º–∞—à–∏–Ω–∞ –ø–æ —Ç—Ä–æ—Ç—É–∞—Ä—É –∏ —Ä–∞–∑–±—Ä—ã–∑–≥–∏–≤–∞–µ—Ç –∫–∞–∫ –æ–±–ª–∞–∫–æ —Ä–µ–∞–≥–µ–Ω—Ç –ø–æ —Ç—Ä–æ—Ç—É–∞—Ä—É –º–∏–º–æ —ç—Ç–æ–π –ø—Ä–æ–¥—É–∫—Ü–∏–∏ . –ü—Ä–æ—à—É –ø—Ä–∏–Ω—è—Ç—å –º–µ—Ä—ã ! –†—è–¥–æ–º —Å—Ç–æ–∏—Ç –Ω–∞ –ö—É—Ä—Å–∫–æ–π –∫–∏–±–∏—Ç–∫–∞ —Å —Ç—Ä—è–ø—å–µ–º –∏–∑ –ö–∏—Ä–≥–∏–∑–∏–∏ ! –†–∞–∑–≤–µ—à–∞–Ω–æ –ø—Ä—è–º–æ –Ω–∞ —É–ª–∏—Ü–µ ! –£–±–µ—Ä–∏—Ç–µ –ø—Ä–æ—Å–∏–º —ç—Ç–∏—Ö —Ç–æ—Ä–≥–æ–≤—Ü–µ–≤ –∏ –∏—Ö —Å–æ–æ—Ä—É–∂–µ–Ω–∏—è ! –ù–µ –ø–æ–∑–æ—Ä—å—Ç–µ –≥–æ—Ä–æ–¥"
161,161,2022.12.02 22:36,"[club143265175|–¶–µ–Ω—Ç—Ä–∞–ª—å–Ω—ã–π —Ä–∞–π–æ–Ω –°–∞–Ω–∫—Ç-–ü–µ—Ç–µ—Ä–±—É—Ä–≥–∞], –∑–¥—Ä–∞–≤—Å—Ç–≤—É–π—Ç–µ! –ë–∞—Å–∫–æ–≤ –ø–µ—Ä–µ—É–ª–æ–∫, 13-15, –ø–∞—Ä–∞–¥–Ω–∞—è 1. –ñ–ö–°1 –¶–µ–Ω—Ç—Ä–∞–ª—å–Ω–æ–≥–æ —Ä–∞–π–æ–Ω–∞ –Ω–∞ –æ–±—Ä–∞—â–µ–Ω–∏—è –ø–æ –¥–∞–Ω–Ω–æ–º—É –ø–æ–≤–æ–¥—É –ø–æ—á–µ–º—É-—Ç–æ –Ω–µ —Ä–µ–∞–≥–∏—Ä—É–µ—Ç."
162,162,2022.12.05 13:01,"[id273750534|–Æ–ª–∏—è –û—Å–∏–ø–æ–≤–∞], –∑–¥—Ä–∞–≤—Å—Ç–≤—É–π—Ç–µ! –ú—ã –ø–æ–Ω–∏–º–∞–µ–º –í–∞—à–µ –≤–æ–ª–Ω–µ–Ω–∏–µ, –ø–æ—ç—Ç–æ–º—É –Ω–∞–ø—Ä–∞–≤–∏–ª–∏ –í–∞—à–µ —Å–æ–æ–±—â–µ–Ω–∏–µ –≤ —Ä–∞–±–æ—Ç—É —É–ø—Ä–∞–≤–ª—è—é—â–µ–π –æ—Ä–≥–∞–Ω–∏–∑–∞—Ü–∏–∏, –±—ã–ª–∏ –ø—Ä–æ–∏–∑–≤–µ–¥–µ–Ω—ã —Ä–∞–±–æ—Ç—ã –ø–æ —É–∫—Ä–µ–ø–ª–µ–Ω–∏—é –Ω–∏—à–∏ –≤ —Å—Ç–µ–Ω–µ –ø–æ –∞–¥—Ä–µ—Å—É: –ø–µ—Ä. –ë–∞—Å–∫–æ–≤, –¥. 13-15, –≥–¥–µ –ø–∞—Ä–∞–¥–Ω–∞—è ‚Ññ 1. –ü—Ä–∏–Ω–æ—Å–∏–º –∏–∑–≤–∏–Ω–µ–Ω–∏—è –∑–∞ –ø—Ä–µ–¥–æ—Å—Ç–∞–≤–ª–µ–Ω–Ω—ã–µ –Ω–µ—É–¥–æ–±—Å—Ç–≤–∞."
163,163,2022.11.29 18:22,"–ù–∞ —É–≥–ª—É –õ–∏–≥–æ–≤—Å–∫–∏–π –ø—Ä–æ—Å–ø–µ–∫—Ç / —É–ª –ö—É—Ä—Å–∫–∞—è —Ç–æ—Ä–≥—É–µ—Ç –∫—Ä—É–≥–ª–æ–≥–æ–¥–∏—á–Ω–æ —Ç–æ–≤–∞—Ä–∏—â —Ñ—Ä—É–∫—Ç–∞–º–∏ –∏ –æ–≤–æ—â–∞–º–∏ , —è–≥–æ–¥–æ–π . –û—á–µ–Ω—å –±–ª–∏–∑–∫–æ –∫ –¥–æ—Ä–æ–≥–µ , –æ–≤–æ—â–∏ –∏ —Ñ—Ä—É–∫—Ç—ã –æ–¥–Ω–æ–∑–Ω–∞—á–Ω–æ –≤ –ø—ã–ª–∏ –æ—Ç –≤—ã—Ö–ª–æ–ø–Ω—ã—Ö –≥–∞–∑–æ–≤ , —Ä–µ–∞–≥–µ–Ω—Ç–æ–≤ , –¥–∞ —è–¥–∞ –≤ –∫–æ–Ω—Ü–µ –∫–æ–Ω—Ü–æ–≤ . –ù–∏–∫—Ç–æ –Ω–µ –≤—ã–≥–æ–Ω—è–µ—Ç , –Ω–µ —à—Ç—Ä–∞—Ñ—É–µ—Ç , –Ω–µ –∫–æ–Ω—Ç—Ä–æ–ª–∏—Ä—É–µ—Ç –µ–≥–æ —Å –µ–≥–æ –∫–∏–±–∏—Ç–∫–æ–π . –í–∏–¥–∏–º–æ –∫–æ–º—É —Ç–æ –ø–ª–∞—Ç–∏—Ç —Å—Ç–∞–±–∏–ª—å–Ω–æ . –§—Ä—É–Ω–∑–µ–Ω—Å–∫–∏–π —Ä–∞–π–æ–Ω –∫–æ–Ω–µ—á–Ω–æ –æ—Ç–ª–∏—á–∞–µ—Ç—Å—è –ø–æ—Ñ–∏–≥–∏–∑–º–æ–º"
164,164,2022.11.29 17:40,"–ü–æ—á–µ–º—É –ø—Ä–∏ —Ç–∞–∫–æ–π –æ–±—Å—Ç–∞–Ω–æ–≤–∫–µ –≤ —Å—Ç—Ä–∞–Ω–µ, –º–∏–∫—Ä–æ—Ä–∞–π–æ–Ω —Ü–µ–Ω—Ç—Ä–∞ –≥–æ—Ä–æ–¥–∞ –æ–≥—Ä–∞–Ω–∏—á–µ–Ω–Ω—ã–π –ù–µ–≤—Å–∫–∏–º - —É–ª–∏—Ü–∞–º–∏ –ú–∞—è–∫–æ–≤—Å–∫–æ–≥–æ- –í–æ—Å—Å—Ç–∞–Ω–∏—è-–ù–µ–∫—Ä–∞—Å–æ–≤–∞ –Ω–∞–∑—ã–≤–∞—é—Ç —Ä–∞–π–æ–Ω–æ–º ¬´–∫—Ä–∞—Å–Ω—ã—Ö —Ñ–æ–Ω–∞—Ä–µ–π¬ª? –ò –±—É–¥—É—Ç –ª–∏ –ø—Ä–∏–Ω–∏–º–∞—Ç—å—Å—è –º–µ—Ä—ã?"
165,165,2022.11.26 17:29,–ê –Ω–∞ –ø–ª–æ—â–∞–¥–∏ –í–æ—Å—Å—Ç–∞–Ω–∏—è –Ω–æ—Å–∫–∞–º–∏ —Ç–æ—Ä–≥–æ–≤–∞—Ç—å –º–æ–∂–Ω–æ?
166,166,2022.11.26 22:03,–ê —Ä—ã–±–æ–π –±–µ–∑ —Ö–æ–ª–æ–¥–∏–ª—å–Ω–∏–∫–∞ –≤ –ø–æ–¥–∑–µ–º–Ω–æ–º –ø–µ—Ä–µ—Ö–æ–¥–µ —É –º–µ—Ç—Ä–æ –õ–∏–≥–æ–≤—Å–∫–∏–π –ø—Ä–æ—Å–ø–µ–∫—Ç???  –•–≤–∞—Ç–∏—Ç –≥–æ–Ω—è—Ç—å –±–∞–±—É—à–µ–∫.  –ò —É—Å—Ç—Ä–∞–∏–≤–∞—Ç—å –ø–æ–∫–∞–∑—É—Ö—É. –≠—Ç–∏ —Ä–µ–π–¥—ã –±–µ—Å–ø–æ–ª–µ–∑–Ω—ã
167,167,2022.11.23 22:33,–ö–æ–≥–¥–∞ —É–±–µ—Ä—É—Ç –∑–æ–Ω—ã –Ω–µ–∑–∞–∫–æ–Ω–Ω–æ–π –ø–∞—Ä–∫–æ–≤–∫–∏ –Ω–∞ —Ç—Ä–æ—Ç—É–∞—Ä–∞—Ö –æ–∫–æ–ª–æ –ê–∫–∞–¥–µ–º–∏–∏ –®—Ç–∏–≥–ª–∏—Ü–∞ –∏ –Ω–∞ –ë–æ–ª—å—à–æ–π –ö–æ–Ω—é—à–µ–Ω–Ω–æ–π —É–ª.?
168,168,2022.11.23 17:31,"–í–æ–∑–≤—Ä–∞—â–∞—è—Å—å –∫ –ø—Ä–µ–¥—ã–¥—É—â–∏–º –ø—É–±–ª–∏–∫–∞—Ü–∏—è–º —Ö–æ—á—É –æ–ø—è—Ç—å –∑–∞–¥–∞—Ç—å –≤–æ–ø—Ä–æ—Å-–≥–¥–µ –¥–≤–æ—Ä–Ω–∏–∫–∏? –º–µ—Ö–∞–Ω–∏–∑–∏—Ä–æ–≤–∞–Ω–Ω—ã–µ –∏–ª–∏ –ø—Ä–æ—Å—Ç–æ ""–¥–æ—Ä–æ–≥–∏–µ"". –•–æ—Ç—å –æ–¥–Ω–æ–≥–æ –±—ã –≤—Å—Ç—Ä–µ—Ç–∏—Ç—å —Å –º–µ—Ç–ª–æ–π...–¶–∏—Ç–∏—Ä—É—é –í–∞—à–µ —Å–æ–æ–±—â–µ–Ω–∏–µ 21.11 ""–°–æ–≥–ª–∞—Å–Ω–æ —Å—É—â–µ—Å—Ç–≤—É—é—â–µ–º—É –∫–æ–Ω—Ç—Ä–∞–∫—Ç—É —É–±–æ—Ä–∫—É –¥–≤–æ—Ä–æ–≤–æ–π —Ç–µ—Ä—Ä–∏—Ç–æ—Ä–∏–∏ –ø–æ –∞–¥—Ä–µ—Å—É –†—É–±–∏–Ω—à—Ç–µ–π–Ω–∞, –¥. 3 –æ—Å—É—â–µ—Å—Ç–≤–ª—è–µ—Ç –ñ–ö–° ‚Ññ 1. –£–±–æ—Ä–∫–∞ –æ—Å—É—â–µ—Å—Ç–≤–ª—è–µ—Ç—Å—è —Ä—É—á–Ω—ã–º –∏ –º–µ—Ö–∞–Ω–∏–∑–∏—Ä–æ–≤–∞–Ω–Ω—ã–º —Å–ø–æ—Å–æ–±–æ–º. –î–ª—è –ø–æ–≤—ã—à–µ–Ω–∏—è —ç—Ñ—Ñ–µ–∫—Ç–∏–≤–Ω–æ—Å—Ç–∏ —É–±–æ—Ä–∫–∏ —Ç–∞–∫–∂–µ –ø—Ä–∏–º–µ–Ω—è—é—Ç—Å—è —Ä–∞–∑–ª–∏—á–Ω—ã–µ —Å—Ä–µ–¥—Å—Ç–≤–∞ –º–∞–ª–æ–π –º–µ—Ö–∞–Ω–∏–∑–∞—Ü–∏–∏. –ü–æ–¥—Ä—è–¥–Ω–æ–π –æ—Ä–≥–∞–Ω–∏–∑–∞—Ü–∏–∏ –ø–æ—Ä—É—á–µ–Ω–æ —É—Å–∏–ª–∏—Ç—å –∫–æ–Ω—Ç—Ä–æ–ª—å –∑–∞ —Å–æ–¥–µ—Ä–∂–∞–Ω–∏–µ–º —Ç–µ—Ä—Ä–∏—Ç–æ—Ä–∏–∏ –¥–≤–æ—Ä–∞. –ë–ª–∞–≥–æ–¥–∞—Ä–∏–º –∑–∞ —Å–æ–æ–±—â–µ–Ω–∏–µ."" –ò –≥–¥–µ –∂–µ —ç—Ñ—Ñ–µ–∫—Ç–∏–≤–Ω–æ—Å—Ç—å?–ò –≤–æ–æ–±—â–µ –≥–¥–µ —É–±–∏—Ä–∞—é—Ç?"
169,169,2022.11.22 23:27,"–ú–æ–ª–æ–¥—Ü—ã, –∫—Ä–∞—Å–∏–≤–æ! –†–∞–¥—É—é—Ç —Ä–µ–¥–∫–∏–µ –Ω—ã–Ω—á–µ –ø–æ–∑–∏—Ç–∏–≤–Ω—ã–µ –Ω–æ–≤–æ—Å—Ç–∏. –≠—Ö, –µ—â—ë –±—ã –æ–∫–Ω–∞ –≥–Ω–∏–ª—ã–µ –∏ –Ω–µ –∑–∞–∫—Ä—ã–≤–∞—é—â–∏–µ—Å—è –ø–æ–º–µ–Ω—è–ª–∏ –±—ã –≤ –ø–∞—Ä–∞–¥–Ω—ã—Ö –Ω–∞ –ü–µ—Å—Ç–µ–ª—è 13-15)..."
170,170,2022.11.21 18:23,"–ü—Ä–æ—Å–∏–º –ø–æ–¥–Ω—è—Ç—å –≤–æ–ø—Ä–æ—Å –æ –±–µ–∑–Ω–∞–∫–∞–∑–∞–Ω–Ω–æ—Å—Ç–∏ —Ä–∞—Å–∫–ª–µ–π–∫–∏ —Ä–µ–∫–ª–∞–º—ã 18+ –Ω–∞ —É–ª–∏—Ü–∞—Ö –í–æ—Å—Å—Ç–∞–Ω–∏—è, –ù–µ–∫—Ä–∞—Å–æ–≤–∞, –ñ—É–∫–æ–≤—Å–∫–æ–≥–æ, –ú–∞—è–∫–æ–≤—Å–∫–æ–≥–æ, –ù–µ–≤—Å–∫–∏–π !"
171,171,2022.11.21 18:42,"–ê –º–Ω–µ –æ—Ç–≤–µ—Ç–∏–ª–∏, —á—Ç–æ —Ä–µ–∫–ª–∞–º–∞ –Ω–∞—Ä–∫–æ—Ç–∏–∫–æ–≤ –±—É–¥–µ—Ç –æ—Å—Ç–∞–≤–∞—Ç—å—Å—è –Ω–∞ –¥–æ–º–µ –ø–æ –†—ã–ª–µ–µ–≤–∞, 29–∞ –¥–æ –º–∞—è! –£–¥–∏–≤–∏—Ç–µ–ª—å–Ω–æ, –Ω–æ –ø—Ä—è–º–æ —Å–µ–π—á–∞—Å –≤ –Ω–µ—Å–∫–æ–ª—å–∫–∏—Ö –¥–æ–º–∞—Ö –≤–æ–∫—Ä—É–≥ –≤–µ–¥—É—Ç—Å—è —Ä–µ–º–æ–Ω—Ç—ã —Ñ–∞—Å–∞–¥–æ–≤, –∏ –∏–º —Ç–µ–º–ø–µ—Ä–∞—Ç—É—Ä–Ω—ã–π —Ä–µ–∂–∏–º –Ω–∏–∫–∞–∫ –Ω–µ –º–µ—à–∞–µ—Ç!"
172,172,2022.11.22 16:23,–ò —á—Ç–æ –≤—ã –≤—Ä—ë—Ç–µ –ø—Ä–æ –ì–æ–Ω—á–∞—Ä–Ω—É—é? –ì–æ–Ω—á–∞—Ä–Ω–∞—è 12 –≤–æ –¥–≤–æ—Ä–µ –≤—Å–µ –≤ –≥—Ä–∞—Ñ–∏—Ç–∏
173,173,2022.11.19 15:56,"ü§£–†—É–±–∏–Ω—à—Ç–µ–π–Ω–∞ 3 –Ω–µ –¥–æ—Å—Ç–∞–ª–æ—Å—å –æ–ø—è—Ç—å –Ω–∏ –æ–¥–Ω–æ–≥–æ –º–µ—Ö–∞–Ω–∏–∑–∞—Ç–æ—Ä–∞, –¥–∞ –∏ –¥–≤–æ—Ä–Ω–∏–∫–æ–≤ –æ–ø—è—Ç—å –Ω–µ –≤–∏–¥–µ–ª–∏... üëÄ"
174,174,2022.11.21 10:27,"[club143265175|–¶–µ–Ω—Ç—Ä–∞–ª—å–Ω—ã–π —Ä–∞–π–æ–Ω –°–∞–Ω–∫—Ç-–ü–µ—Ç–µ—Ä–±—É—Ä–≥–∞], –∑–¥—Ä–∞–≤—Å—Ç–≤—É–π—Ç–µ, –°–æ–ª–¥–∞—Ç—Å–∫–∏–π –ø–µ—Ä–µ—É–ª–æ–∫, –¥–æ–º 5, –Ω–∏–∑ —Ä–∞–¥–∏–∞—Ç–æ—Ä–æ–≤ –≤–æ –≤—Å–µ–π –∫–≤–∞—Ä—Ç–∏—Ä–µ –Ω–∞ –¥–∞–Ω–Ω—ã–π –º–æ–º–µ–Ω—Ç —á—É—Ç—å —Ç–µ–ø–ª—ã–π, –∞ –≥–æ—Ä—è—á–∞—è –≤–æ–¥–∞ –Ω–∞–≥—Ä–µ–≤–∞–µ—Ç—Å—è —á–µ—Ä–µ–∑ –º–∏–Ω—É—Ç—É, –≤ –ª—É—á—à–µ–º —Å–ª—É—á–∞–µ. –°–ø–∞—Å–∏–±–æ –∑–∞ –æ—Ç–∑—ã–≤."
175,175,2022.12.10 15:48,"[club187956888|–ö–æ–º–∏—Ç–µ—Ç –ø–æ —Ç—Ä–∞–Ω—Å–ø–æ—Ä—Ç—É], –∑–¥—Ä–∞–≤—Å—Ç–≤—É–π—Ç–µ, —É—Ç–æ—á–Ω–∏—Ç–µ, –ø–æ–∂–∞–ª—É–π—Å—Ç–∞, –ø—Ä–µ–¥—É—Å–º–æ—Ç—Ä–µ–Ω–∞ –ª–∏ –æ—Ç–¥–µ–ª—å–Ω–∞—è –ø–∞—Ä–∫–æ–≤–∫–∞ –¥–ª—è –∂–∏—Ç–µ–ª–µ–π –∏—Ç–∞–ª—å—è–Ω—Å–∫–æ–π, –∫–∞—Ä–∞–≤–∞–Ω–Ω–æ–π, –º–∞–ª–æ–π —Å–∞–¥–æ–≤–æ–π —É–ª–∏—Ü?  –ï—Å–ª–∏ –¥–∞, —Ç–æ –≥–¥–µ –∏–º–µ–Ω–Ω–æ –æ–Ω–∞ —Ä–∞—Å–ø–æ–ª–æ–∂–µ–Ω–∞?  –ü—Ä–µ–¥—É—Å–º–æ—Ç—Ä–µ–Ω—ã –ª–∏ –ø—Ä–æ–ø—É—Å–∫–∞ —Å –≤–æ–∑–º–æ–∂–Ω–æ—Å—Ç—å—é –ø–æ–¥—ä–µ–∑–¥–∞ –∫–æ –¥–≤–æ—Ä–∞–º —Ä–∞—Å–ø–æ–ª–æ–∂–µ–Ω–Ω—ã—Ö –≤ —Ä–∞–π–æ–Ω–∞—Ö –ø–µ—à–µ—Ö–æ–¥–Ω—ã—Ö –∑–æ–Ω(–ò—Ç–∞–ª—å—è–Ω—Å–∫–∞—è 29, –º–∞–ª–∞—è –°–∞–¥–æ–≤–∞—è)? –ï—Å–ª–∏ –¥–∞, —Ç–æ –≥–¥–µ –ø–æ–ª—É—á–∏—Ç—å?"
176,176,2022.11.15 17:23,–ü–æ—á–µ–º—É –ù–µ–≤—Å–∫–∏–π –ø—Ä–æ—Å–ø–µ–∫—Ç –æ—Ç –í–æ—Å—Å—Ç–∞–Ω–∏—è –¥–æ –õ–∏—Ç–µ–π–Ω–æ–≥–æ –∑–∞–∫–ª–µ–µ–Ω —Ä–µ–∫–ª–∞–º–æ–π –±–æ—Ä–¥–µ–ª–µ–π? –≠—Ç–æ –ª–∏—Ü–æ –≥–æ—Ä–æ–¥–∞ –¥–ª—è –ø—Ä–∏–µ–∑–∂–∏—Ö!
177,177,2022.11.15 21:04,"[id456314646|–ê–ª–µ–∫—Å–µ–π], —É—Å—Ç—Ä–∞–Ω–∏–ª–∏ –ø–æ—Ä—è–¥–∫–∞ 300 —Ä–µ–∫–ª–∞–º–Ω—ã—Ö –æ–±—ä—è–≤–ª–µ–Ω–∏–π –Ω–∞ —É–ª–∏—Ü–µ –í–æ—Å—Å—Ç–∞–Ω–∏—è –∏ –ñ—É–∫–æ–≤—Å–∫–æ–≥–æ. –ü–æ–¥—Ä–æ–±–Ω–µ–µ - [https://vk.com/wall-143265175_44185|–∑–¥–µ—Å—å]."
178,178,2022.11.15 18:58,"[club143265175|–¶–µ–Ω—Ç—Ä–∞–ª—å–Ω—ã–π —Ä–∞–π–æ–Ω –°–∞–Ω–∫—Ç-–ü–µ—Ç–µ—Ä–±—É—Ä–≥–∞], –î–µ–≥—Ç—è—Ä–Ω—ã–π –ø–µ—Ä–µ—É–ª–æ–∫, –¥–æ–º 22, –õ–∏—Ç.""–í""."
179,179,2022.11.14 22:28,"–ú–∞–ª–∞—è –ö–æ–Ω—é—à–µ–Ω–Ω–∞—è 9, –≤–∫–ª—é—á–∏—Ç–µ –∞–¥—Ä–µ—Å –≤ —Å–ª–µ–¥—É—é—â–∏–π —Ä–µ–π–¥, —ç—Ç–∏ ¬´—Ç–æ—á–∫–∏¬ª —Ä–∞–±–æ—Ç–∞—é—Ç –µ–∂–µ–¥–Ω–µ–≤–Ω–æ"
180,180,2022.11.14 18:01,"–ê –∫–æ–≥–¥–∞ –±—É–¥—É—Ç —É–¥–∞–ª—è—Ç—å —Ä–µ–∫–ª–∞–º—É –ø—É–±–ª–∏—á–Ω—ã—Ö –¥–æ–º–æ–≤ –¶–†? –í—Å–µ —É–ª–∏—Ü—ã-–ñ—É–∫–æ–≤—Å–∫–æ–≥–æ, –í–æ—Å—Å—Ç–∞–Ω–∏—è –∏ —Ç.–ø. –≤ —ç—Ç–∏—Ö –ª–∏—Å—Ç–æ–≤–∫–∞—Ö???"
181,181,2022.11.15 21:08,"[id456314646|–ê–ª–µ–∫—Å–µ–π], —Å–ø–∞—Å–∏–±–æ –∑–∞ –æ–±—Ä–∞—â–µ–Ω–∏–µ! –ö–æ–º–º—É–Ω–∞–ª—å–Ω—ã–µ —Å–ª—É–∂–±—ã —Ä–µ–≥—É–ª—è—Ä–Ω–æ —É–¥–∞–ª—è—é—Ç –Ω–µ–∑–∞–∫–æ–Ω–Ω—ã–µ —Ä–µ–∫–ª–∞–º–Ω—ã–µ –æ–±—ä—è–≤–ª–µ–Ω–∏—è. –ù–µ–∑–∞–∫–æ–Ω–Ω–∞—è —Ä–µ–∫–ª–∞–º–∞ –Ω–∞ —É–ª–∏—Ü–∞—Ö –í–æ—Å—Å—Ç–∞–Ω–∏—è –∏ –ñ—É–∫–æ–≤—Å–∫–æ–≥–æ —É—Å—Ç—Ä–∞–Ω–µ–Ω–∞ –≤–æ–ª–æ–Ω—Ç–µ—Ä–∞–º–∏ - —É–¥–∞–ª–µ–Ω–æ –ø–æ—Ä—è–¥–∫–∞ 300 –æ–±—ä—è–≤–ª–µ–Ω–∏–π. –ü–æ–¥—Ä–æ–±–Ω–µ–µ - [https://vk.com/wall-143265175_44185|–∑–¥–µ—Å—å]"
182,182,2022.11.14 10:56,"[club143265175|–¶–µ–Ω—Ç—Ä–∞–ª—å–Ω—ã–π —Ä–∞–π–æ–Ω –°–∞–Ω–∫—Ç-–ü–µ—Ç–µ—Ä–±—É—Ä–≥–∞], —Ç–æ–≥–¥–∞ –ø—Ä–æ—à—É –ø—Ä–æ–∏–Ω—Ñ–æ—Ä–º–∏—Ä–æ–≤–∞—Ç—å –º–µ–Ω—è, –∫–∞–∫–∏–º –æ–±—Ä–∞–∑–æ–º –µ—Å–ª–∏ –ø—Ä–æ–≤–æ–¥–∏—Ç—Å—è —Ä–µ–≥—É–ª—è—Ä–Ω–∞—è –ø—Ä–æ–≤–µ—Ä–∫–∞ –ß–µ—Ä–Ω—ã—à–µ–≤—Å–∫–∏–π –ø—Ä–æ–µ–∑–¥ –≤–Ω–æ–≤—å –∑–∞—Å—Ç–∞–≤–ª–µ–Ω —Å–∞–º–æ—Å—Ç—Ä–æ–µ–º –∏ –∫–∞–∂–¥—ã–π –¥–µ–Ω—å –∏–¥—ë—Ç –Ω–µ–∑–∞–∫–æ–Ω–Ω–∞—è —Ç–æ—Ä–≥–æ–≤–ª—è, –Ω–µ –≥–æ–≤–æ—Ä—è —É–∂–µ –ø—Ä–æ –ø—Ä–æ—Ö–æ–¥–Ω—ã–π –∞—Ä–∫–∏, –í–æ—Å–∫—Ä–µ—Å–µ–Ω—Å–∫–∏–π –ø—Ä–æ–µ–∑–¥, –í–æ—Ä–æ–Ω–∏–≤—Å–∫–∏–π –ø—Ä–æ–µ–∑–¥. –í–æ–∑–º–æ–∂–Ω–æ –ø—Ä–æ–≤–µ—Ä—è—é—â–∏–µ –≤ —ç—Ç–æ –≤—Ä–µ–º—è –∑–∞–∫—Ä—ã–≤–∞—é—Ç –≥–ª–∞–∑–∞ –∏–ª–∏ –¥–µ–ª–∞—é—Ç –≤–∏–¥ —á—Ç–æ –ø—Ä–æ–≤–µ—Ä—è—é—Ç. –í–æ—Ç –∏–∑ —Ç–∞–∫–∏—Ö —Ä–µ–≥—É–ª—è—Ä–Ω—ã—Ö –ø—Ä–æ–≤–µ—Ä–æ–∫ –Ω–∞—Ä–æ–¥ –∏ –Ω–µ –¥–æ–≤–µ—Ä—è–µ—Ç –≤–ª–∞—Å—Ç–∏."
183,183,2022.11.11 18:15,"–ó–¥—Ä–∞–≤—Å—Ç–≤—É–π—Ç–µ! –°–∫–∞–∂–∏—Ç–µ, –ø–æ–∂–∞–ª—É–π—Å—Ç–∞, –∫–æ–≥–¥–∞ –∑–∞–∫–æ–Ω—á–∞—Ç—Å—è —Ä–∞–±–æ—Ç—ã –∏ –±—É–¥—É—Ç –¥–µ–º–æ–Ω—Ç–∏—Ä–æ–≤–∞–Ω—ã –ª–µ—Å–∞ –ø–æ –∞–¥—Ä–µ—Å—É: –ë–æ—Ä–æ–≤–∞—è 11-13? –û–∫–æ–Ω—á–∞–Ω–∏–µ —Ä–∞–±–æ—Ç –æ–∑–≤—É—á–µ–Ω–æ –¥–æ 15 –æ–∫—Ç—è–±—Ä—è."
184,184,2022.11.11 22:24,"–ñ–¥—ë–º –¥–µ–º–æ–Ω—Ç–∞–∂–∞ —Å–æ–±–∞—á—å–µ–π –±—É–¥–∫–∏, –∫–æ—Ç–æ—Ä—É—é –Ω–µ–∑–∞–∫–æ–Ω–Ω–æ –ø—Ä–∏—Å—Ç—Ä–æ–∏–ª –∫ –∏—Å—Ç–æ—Ä–∏—á–µ—Å–∫–æ–º—É –∑–¥–∞–Ω–∏—é –ë–æ–ª—å—à–∞—è –ö–æ–Ω—é—à–µ–Ω–Ω–∞—è —É–ª–∏—Ü–∞ 7, —Ä–∞—Å–ø–æ–ª–æ–∂–∏–≤—à–∏–π—Å—è –≤ –¥–æ–º–µ –ê–ª–∫–æ–º–∞—Ä–∫–µ—Ç –±–µ–∑ –ª–∏—Ü–µ–Ω–∑–∏–∏"
185,185,2022.11.14 10:16,"[club143265175|–¶–µ–Ω—Ç—Ä–∞–ª—å–Ω—ã–π —Ä–∞–π–æ–Ω –°–∞–Ω–∫—Ç-–ü–µ—Ç–µ—Ä–±—É—Ä–≥–∞], –ß–∞–π–∫–æ–≤—Å–∫–æ–≥–æ 24"
186,186,2022.11.10 15:30,"–ê –ø–æ—á–µ–º—É –Ω–µ—Ç –∞–∫—Ü–∏–∏ –Ω–∞ –ñ—É–∫–æ–≤—Å–∫–æ–≥–æ, –í–æ—Å—Å—Ç–∞–Ω–∏—è, –ú–∞—è–∫–æ–≤—Å–∫–æ–≥–æ ? –í—Å–µ —Ç—Ä—É–±—ã –∑–∞–∫–ª–µ–µ–Ω—ã —Ä–µ–∫–ª–∞–º–æ–π –±–æ—Ä–¥–µ–ª–µ–π! –ò –ø–æ—á–µ–º—É –Ω–µ —Ä–∞–±–æ—Ç–∞–µ—Ç –ø–æ–ª–∏—Ü–∏—è –¶–† –∏ –¥–≤–æ—Ä–Ω–∏–∫–∏?"
187,187,2022.11.01 21:48,"–í–æ–¥–æ—Å—Ç–æ—á–Ω—ã–µ —Ç—Ä—É–±—ã —É–ª–∏—Ü –ñ—É–∫–æ–≤—Å–∫–æ–≥–æ, –í–æ—Å—Å—Ç–∞–Ω–∏—è, –ù–µ–∫—Ä–∞—Å–æ–≤–∞, –ú–∞—è–∫–æ–≤—Å–∫–æ–≥–æ, –õ–∏–≥–æ–≤—Å–∫–∏–π –∏ –ù–µ–≤—Å–∫–∏–π –∑–∞–∫–ª–µ–µ–Ω—ã —Ä–µ–∫–ª–∞–º–æ–π –±–æ—Ä–¥–µ–ª–µ–π! –ì–¥–µ —Ä–µ–∑—É–ª—å—Ç–∞—Ç?"
188,188,2022.11.01 18:15,–ù–∞ –í–æ—Å—Å—Ç–∞–Ω–∏—è 22 –∑–∞–≤—Ç—Ä–∞ –æ–ø—è—Ç—å –æ—Ç—Ä—ã–≤–∞—é—Ç—Å—è –§–∏–Ω—Å–∫–∏–µ —Ç–æ–≤–∞—Ä—ã –Ω–∞ –Ω–µ–¥–µ–ª—é! –ë—É–¥—É—Ç –ª–∏ –ø—Ä–∏–Ω–∏–º–∞—Ç—å—Å—è –º–µ—Ä—ã?
189,189,2022.10.30 22:48,"–ê –ø–æ—á–µ–º—É —Ä–µ–π–¥—ã –Ω–µ –∫–∞—Å–∞—é—Ç—Å—è —è—Ä–º–∞—Ä–æ–∫, —Ä–∞—Å–ø—Ä–æ–¥–∞–∂ –∫–æ–Ω—Ç—Ä–∞—Ñ–∞–∫—Ç–∞? –≠—Ç–∏ –º–µ–¥–≤–µ–¥–∏ - –æ–ª–µ–Ω–∏ –∫–æ—á—É—é—Ç —Å –ú–æ—Ö–æ–≤–æ–π –Ω–∞ –ö–∏—Ä–æ—á–Ω—É—é, —Å –ö–∏—Ä–æ—á–Ω–æ–π –ø–æ—Å–ª–µ –∑–∞–∫—Ä—ã—Ç–∏—è –º–µ—Ç—Ä–æ –ß–µ—Ä–Ω—ã—à–µ–≤—Å–∫–∞—è - –Ω–∞ –±–æ–ª–µ–µ –±–æ–π–∫–æ–µ –º–µ—Å—Ç–æ –Ω–∞ –õ–∏–≥–æ–≤—Å–∫–æ–º. –£–±–µ—Ä–∏—Ç–µ —É–∂–µ —ç—Ç–∏—Ö –∂—É–ª–∏–∫–æ–≤ —Å –∏—Ö –∫–æ–Ω—Å—Ç—Ä—É–∫—Ü–∏—è–º–∏ –∏ –∑–∞–∑—ã–≤–∞–ª–∞–º–∏ –∏–∑ –¶–µ–Ω—Ç—Ä–∞–ª—å–Ω–æ–≥–æ —Ä–∞–π–æ–Ω–∞. –§–æ—Ç–æ 30 –æ–∫—Ç—è–±—Ä—è. –ü–µ—Ä–µ—É–ª–æ–∫ –£–ª—å—è–Ω—ã –ì—Ä–æ–º–æ–≤–æ–π, –¥. 8"
190,190,2022.11.11 07:39,"[club157028191|–ö–æ–º–∏—Ç–µ—Ç –ø–æ –±–ª–∞–≥–æ—É—Å—Ç—Ä–æ–π—Å—Ç–≤—É –°–∞–Ω–∫—Ç-–ü–µ—Ç–µ—Ä–±—É—Ä–≥–∞], –º—É—Å–æ—Ä —Ç–∞–∫ –∏ –Ω–µ —É–±–∏—Ä–∞—é—Ç –≤ —Å–∫–≤–µ—Ä–µ –§–∏–Ω–∞–Ω—Å–∏—Å—Ç–æ–≤. –í—Å–µ –±–µ–∑ –∏–∑–º–µ–Ω–µ–Ω–∏–π..."
191,191,2022.10.26 19:50,"–ü–æ—á–µ–º—É —É–ª–∏—Ü—ã –í–æ—Å—Å—Ç–∞–Ω–∏—è, –ñ—É–∫–æ–≤—Å–∫–æ–≥–æ, –ú–∞—è–∫–æ–≤—Å–∫–æ–≥–æ, –ù–µ–∫—Ä–∞—Å–æ–≤–∞ –ø–æ—Å—Ç–æ—è–Ω–Ω–æ –∑–∞–∫–ª–µ–∏–≤–∞—é—Ç—Å—è —Ä–µ–∫–ª–∞–º–æ–π –±–æ—Ä–¥–µ–ª–µ–π, –Ω–µ—Å–º–æ—Ç—Ä—è –Ω–∞ –º–Ω–æ–≥–æ–∫—Ä–∞—Ç–Ω—ã–µ –∑–∞—è–≤–ª–µ–Ω–∏—è –∞ –ø—Ä–æ–∫—É—Ä–∞—Ç—É—Ä—É –∏ –ø–æ–ª–∏—Ü–∏—é?"
192,192,2022.10.30 22:57,"–û–±—Ä–∞—Ç–∏—Ç–µ –≤–Ω–∏–º–∞–Ω–∏–µ –Ω–∞ ""—Ñ–∏–Ω—Å–∫–∏–µ"" —è—Ä–º–∞—Ä–∫–∏ - –æ–¥–Ω–æ–¥–Ω–µ–≤–∫–∏. –ü–æ–¥ —Ä–∞–∑–Ω—ã–º–∏ –ø—Ä–µ–¥–ª–æ–≥–∞–º–∏ –ø—ã—Ç–∞—é—Ç—Å—è —Å–±—ã–≤–∞—Ç—å –∫–æ–Ω—Ç—Ä–∞—Ñ–∞–∫—Ç. –ó–∞–∑—ã–≤–∞–ª—ã –∏ —Ä–µ–∫–ª–∞–º–Ω—ã–µ –∫–æ–Ω—Å—Ç—Ä—É–∫—Ü–∏–∏ –Ω–∞—Å–ª–µ–¥–∏–ª–∏ –Ω–∞ –ú–æ—Ö–æ–≤–æ–π, –Ω–∞ –ö–∏—Ä–æ—á–Ω–æ–π, —Ç–µ–ø–µ—Ä—å - –≤ –ø–µ—Ä–µ—É–ª–∫–µ –£–ª—å—è–Ω—ã –ì—Ä–æ–º–æ–≤–æ–π. –ü–æ—á–µ–º—É –º–µ–¥–≤–µ–¥—è –∏ –æ–ª–µ–Ω—è –≤–æ–∑–≤—Ä–∞—â–∞–µ—Ç–µ –ø–æ—Å–ª–µ –∏–∑—ä—è—Ç–∏—è? –û–Ω–∏ –æ–ø—è—Ç—å —Å—Ç–∞–≤—è—Ç –∑–∞–∑—ã–≤–∞–ª –∏ –¥—É—Ä—è—Ç –Ω–∞—à–∏—Ö —Å—Ç–∞—Ä–∏–∫–æ–≤."
193,193,2022.10.27 12:54,"[id273750534|–Æ–ª–∏—è –û—Å–∏–ø–æ–≤–∞], –∑–¥—Ä–∞–≤—Å—Ç–≤—É–π—Ç–µ. –ë–ª–∏–∂–∞–π—à—É—é –Ω–µ–¥–µ–ª—é –ö–æ–º–∏—Ç–µ—Ç —É–¥–µ–ª–∏—Ç –æ—Å–æ–±–æ–µ –≤–Ω–∏–º–∞–Ω–∏–µ –º–∞—Ä—à—Ä—É—Ç–∞–º, –∫–æ—Ç–æ—Ä—ã–µ –¥–æ–ª–∂–Ω—ã –∫–æ–º–ø–µ–Ω—Å–∏—Ä–æ–≤–∞—Ç—å –ø–∞—Å—Å–∞–∂–∏—Ä–∞–º –∑–∞–∫—Ä—ã—Ç–∏–µ —Å—Ç–∞–Ω—Ü–∏–∏ –º–µ—Ç—Ä–æ ""–ß–µ—Ä–Ω—ã—à–µ–≤—Å–∫–∞—è"". –ë–ª–∞–≥–æ–¥–∞—Ä–∏–º –∑–∞ –æ–±—Ä–∞—Ç–Ω—É—é —Å–≤—è–∑—å. –ü–æ –º–µ—Ä–µ –≤–æ–∑–º–æ–∂–Ω–æ—Å—Ç–∏ –ö–æ–º–∏—Ç–µ—Ç –∏ –ø–µ—Ä–µ–≤–æ–∑—á–∏–∫–∏ –±—É–¥—É—Ç —É—Å–∏–ª–∏–≤–∞—Ç—å –Ω–∞–ø—Ä—è–∂—ë–Ω–Ω—ã–µ –Ω–∞–ø—Ä–∞–≤–ª–µ–Ω–∏—è."
194,194,2022.10.28 09:13,"[club187956888|–ö–æ–º–∏—Ç–µ—Ç –ø–æ —Ç—Ä–∞–Ω—Å–ø–æ—Ä—Ç—É], –∑–¥—Ä–∞–≤—Å—Ç–≤—É–π—Ç–µ. –û–±—Ä–∞—Ç–Ω–∞—è —Å–≤—è–∑—å  - —Å–µ–≥–æ–¥–Ω—è –µ—Ö–∞–ª–∞ –Ω–∞ —Ä–∞–±–æ—Ç—É –Ω–∞ –õ–µ—Å–Ω–æ–π –ø—Ä–æ—Å–ø–µ–∫—Ç,  –Ω–∞ –õ–∏—Ç–µ–π–Ω–æ–º –ø—Ä–æ—Å–ø–µ–∫—Ç–µ –≤ —Ä–∞–π–æ–Ω–µ —É–ª–∏—Ü—ã –ù–µ–∫—Ä–∞—Å–æ–≤–∞ —Ç—Ä–æ–ª–ª–µ–π–±—É—Å—ã –±—ã–ª–∏ –æ–∫–æ–ª–æ 8 —É—Ç—Ä–∞,  –ø—Ä–∏—á—ë–º –µ—Ö–∞–ª–∏ –¥—Ä—É–≥ –∑–∞ –¥—Ä—É–≥–æ–º: 8 –º–∞—Ä—à—Ä—É—Ç,  3 –º–∞—Ä—à—Ä—É—Ç –∏ –æ–ø—è—Ç—å 8 –º–∞—Ä—à—Ä—É—Ç,  –Ω–∞ –ø–æ—Å–ª–µ–¥–Ω–∏–π —è –∏ —É—Å–ø–µ–ª–∞ —Å–µ—Å—Ç—å,  —Ç–∞–∫ –∫–∞–∫ —Å–ª–µ–¥—É—é—â–∏–π —Ç—Ä–æ–ª–ª–µ–π–±—É—Å –±—ã–ª –±—ã –Ω–∞ –º–æ–µ–π –æ—Å—Ç–∞–Ω–æ–≤–∫–µ –≥–¥–µ-—Ç–æ –≤ 8.30, —Å—É–¥—è –ø–æ —Ç—Ä–∞–Ω—Å–ø–æ—Ä—Ç–Ω–æ–º—É –ø—Ä–∏–ª–æ–∂–µ–Ω–∏—é, –∏ —Å–∫–æ—Ä–µ–µ –≤—Å–µ–≥–æ –≤ –Ω–µ–≥–æ —è –±—ã –Ω–µ –≤–ª–µ–∑–ª–∞.  –•–æ—Ä–æ—à–æ –±—ã —É–º–µ–Ω—å—à–∏—Ç—å –∏–Ω—Ç–µ—Ä–≤–∞–ª—ã –¥–≤–∏–∂–µ–Ω–∏—è –º–µ–∂–¥—É —Ç—Ä–æ–ª–ª–µ–π–±—É—Å–∞–º–∏ –≤ —É—Ç—Ä–µ–Ω–Ω–∏–µ —á–∞—Å—ã."
195,195,2022.10.24 14:02,–ù–∞ –ß–∞–π–∫–æ–≤—Å–∫–æ–≥–æ 63 —Ç–æ–∂–µ –∏–¥–µ—Ç –∫–∞–ø.—Ä–µ–º–æ–Ω—Ç. –í –∫–≤–∞—Ä—Ç–∏—Ä–µ —É –ø–µ–Ω—Å–∏–æ–Ω–µ—Ä–æ–≤ –ø–æ–±–∏–ª–∏ —Å—Ç–µ–∫–ª–∞. –ö—É–¥–∞ –∏–º –æ–±—Ä–∞—Ç–∏—Ç—å—Å—è?
196,196,2022.10.21 22:22,–í—Å—è —É–ª–∏—Ü–∞ –ñ—É–∫–æ–≤—Å–∫–æ–≥–æ –∏ –í–æ—Å—Å—Ç–∞–Ω–∏—è –∑–∞–∫–ª–µ–µ–Ω–∞ —Ä–µ–∫–ª–∞–º–æ–π –±–æ—Ä–¥–µ–ª–µ–π! –ü–æ—á–µ–º—É –Ω–µ –¥–µ–π—Å—Ç–≤—É–µ—Ç –ø–æ–ª–∏—Ü–∏—è –∏ –∞–¥–º–∏–Ω–∏—Å—Ç—Ä–∞—Ü–∏—è —Å –ñ–°–ö-1 ?
197,197,2022.10.26 12:57,"–û –∫–∞–∫–æ–º –±–ª–∞–≥–æ—É—Å—Ç—Ä–æ–π—Å—Ç–≤–µ –∏–¥—ë—Ç —Ä–µ—á—å.  –°—Ç—Ä–µ–º—è–Ω–Ω–∞—è –¥–æ–º 1/6 –¥–≤–æ—Ä–æ–≤–∞—è —Ç–µ—Ä—Ä–∏—Ç–æ—Ä–∏—è –∑–∞–≤–∞–ª–µ–Ω–∞ –ª–∏—Å—Ç–≤–æ–π —Å –Ω–∞—Å—Ç—É–ø–ª–µ–Ω–∏–µ–º –ª–∏—Å—Ç–æ–ø–∞–¥–∞ –¥–≤–æ—Ä–æ–≤–∞—è —Ç–µ—Ä—Ä–∏—Ç–æ—Ä–∏—è –Ω–∏ —Ä–∞–∑—É –Ω–µ —É–±–∏—Ä–∞–ª–∞—Å—å, –≤ —Ä–µ–∑—É–ª—å—Ç–∞—Ç–µ –∏ –ø–∞—Ä–∞–¥–Ω–∞—è –≤—Å—è –≤ –ª–∏—Å—Ç—å—è—Ö –∫–æ—Ç–æ—Ä—É—é –≤ —Ç–µ—á–µ–Ω–∏–∏ –º–µ—Å—è—Ü–∞ –Ω–∏–∫—Ç–æ –Ω–µ –º—ã–ª)–ú—ã –∂–∏–ª—å—Ü—ã –¥–æ–º–∞ —Å–∞–º–∏ –ø–µ—Ä–∏–æ–¥–∏—á–µ—Å–∫–∏ –º–æ–µ–º –∏ –ø–æ–¥–º–µ—Ç–∞–µ–º,–≤ –≥—Ä—è–∑–∏ —Ç–æ –∂–∏—Ç—å –Ω–µ —Ö–æ—á–µ—Ç—Å—è)"
198,198,2022.10.20 22:08,ü§£ü§£ü§£ü§£ —É–≥–æ–ª 1–π —Å–æ–≤–µ—Ç—Å–∫–æ–π –∏ –°—É–≤–æ—Ä–æ–≤—Å–∫–æ–≥–æ  –ö–ª—é–≤–∞—Ç—ã–π –ª–∞—Ä—ë–∫ —É–∂–µ —É—Ç–µ–ø–ª–∏–ª–∏ –∫ –∑–∏–º–µ üëç
199,199,2022.10.18 19:24,"–ò—Å–∫—Ä–µ–Ω–Ω–µ –±–ª–∞–≥–æ–¥–∞—Ä—é –∑–∞ —É—á–∞—Å—Ç–∏–µ –≤ —Ä–µ—à–µ–Ω–∏–∏ –º–Ω–æ–≥–∏—Ö –±–æ–ª—å–Ω—ã—Ö –≤–æ–ø—Ä–æ—Å–æ–≤ –Ω–∞ –§–æ–Ω—Ç–∞–Ω–∫–µ 46,–Ω–∞–¥–µ—é—Å—å —á—Ç–æ –∏ –ö–æ–º–∏—Ç–µ—Ç –ø–æ –±–ª–∞–≥–æ—É—Å—Ç—Ä–æ–π—Å—Ç–≤—É –≤—ã–ø–æ–ª–Ω–∏—Ç —Å–≤–æ—é —á–∞—Å—Ç—å –æ–±–µ—â–∞–Ω–∏–π. –ù–æ –≤–æ—Ç –¥–ª—è –º–µ–Ω—è –ª–∏—á–Ω–æ —Å–ª—É—á–∏–ª–æ—Å—å –æ—á–µ–Ω—å –≤–∞–∂–Ω–æ–µ-—è —Ç–µ–ø–µ—Ä—å –≤–µ—Ä—é -–Ω–µ –≤—Å–µ —á–∏–Ω–æ–≤–Ω–∏–∫–∏, —Å–∏–¥—è—â–∏–µ –≤ —Ç–∞–∫–∏—Ö –∫–∞–±–∏–Ω–µ—Ç–∞—Ö, –≥–ª—É—Ö–∏–µ –∏ —Å–ª–µ–ø—ã–µ... –ë–ª–∞–≥–æ–¥–∞—Ä—é –∑–∞ –Ω–∞–¥–µ–∂–¥—É."
